npc_id,query_index,utterance,submitted_at,received_at,elapsed_ms,ok,error,response_chars
initiate_joren,1,Tell me about yourself.,1777937216.0306606,1777937216.8983843,867.7224999992177,True,,211
initiate_joren,2,What's training like?,1777937216.898418,1777937217.580226,681.8077000207268,True,,177
initiate_joren,3,What do you do at St Damson's?,1777937217.580255,1777937218.253432,673.1767000164837,True,,182
initiate_joren,4,How long have you been here?,1777937218.2534533,1777937218.8766353,623.18170000799,True,,109
initiate_joren,5,Tell me about your village.,1777937218.8766556,1777937219.463754,587.098199990578,True,,123
initiate_joren,6,What weapons do you train with?,1777937219.46378,1777937220.257326,793.5448000207543,True,,210
initiate_joren,7,What's the daily routine?,1777937220.25736,1777937221.0755265,818.1655000080355,True,,249
initiate_joren,8,What do the squires think of you?,1777937221.0755613,1777937221.8750215,799.4596000062302,True,,210
initiate_joren,9,Are you nervous about the spring exam?,1777937221.8750463,1777937222.5033636,628.3162999898195,True,,149
initiate_joren,10,What's the best part of your day?,1777937222.5033884,1777937223.168798,665.4090999509208,True,,186
initiate_joren,11,Tell me about yourself.,1777937223.1688185,1777937223.9271724,758.353499986697,True,,186
initiate_joren,12,What's training like?,1777937223.9271932,1777937224.4853427,558.1490999902599,True,,151
initiate_joren,13,What do you do at St Damson's?,1777937224.4853747,1777937225.0021527,516.7772999848239,True,,120
initiate_joren,14,How long have you been here?,1777937225.0021725,1777937225.5438607,541.6873999638483,True,,121
initiate_joren,15,Tell me about your village.,1777937225.543897,1777937226.1460822,602.18420001911,True,,124
initiate_joren,16,What weapons do you train with?,1777937226.1461143,1777937226.649892,503.7767000030726,True,,123
initiate_joren,17,What's the daily routine?,1777937226.6499248,1777937227.3031523,653.2272000331432,True,,188
initiate_joren,18,What do the squires think of you?,1777937227.3031797,1777937228.0046098,701.4298000140116,True,,194
initiate_joren,19,Are you nervous about the spring exam?,1777937228.0046337,1777937228.5979526,593.3181999716908,True,,130
initiate_joren,20,What's the best part of your day?,1777937228.5979877,1777937229.2903194,692.3311000573449,True,,185
initiate_joren,21,Tell me about yourself.,1777937229.2903407,1777937230.1223724,832.030699995812,True,,239
initiate_joren,22,What's training like?,1777937230.1224084,1777937230.7626224,640.212900005281,True,,149
initiate_joren,23,What do you do at St Damson's?,1777937230.7626479,1777937231.2406888,478.04070002166554,True,,116
initiate_joren,24,How long have you been here?,1777937231.240714,1777937231.863174,622.459499980323,True,,152
initiate_joren,25,Tell me about your village.,1777937231.8631988,1777937232.5786686,715.4693999909796,True,,165
initiate_joren,26,What weapons do you train with?,1777937232.5786898,1777937233.181699,603.008600010071,True,,150
initiate_joren,27,What's the daily routine?,1777937233.181736,1777937233.6723933,490.6567999860272,True,,134
initiate_joren,28,What do the squires think of you?,1777937233.6724133,1777937234.4160285,743.6144000384957,True,,182
initiate_joren,29,Are you nervous about the spring exam?,1777937234.4160566,1777937234.946564,530.5064999847673,True,,128
initiate_joren,30,What's the best part of your day?,1777937234.9465854,1777937235.5522776,605.6917000096291,True,,149
initiate_joren,31,Tell me about yourself.,1777937235.5523007,1777937236.262673,710.3713999968022,True,,177
initiate_joren,32,What's training like?,1777937236.262705,1777937236.9629166,700.2105999854393,True,,182
initiate_joren,33,What do you do at St Damson's?,1777937236.9630082,1777937237.5567544,593.7449000193737,True,,141
initiate_joren,34,How long have you been here?,1777937237.556785,1777937238.2416496,684.8640000098385,True,,171
initiate_joren,35,Tell me about your village.,1777937238.2416792,1777937238.790501,548.821400036104,True,,115
initiate_joren,36,What weapons do you train with?,1777937238.7905328,1777937239.3556843,565.151099988725,True,,139
initiate_joren,37,What's the daily routine?,1777937239.3557045,1777937239.9647381,609.0326000121422,True,,153
initiate_joren,38,What do the squires think of you?,1777937239.9647698,1777937240.534591,569.8201999766752,True,,141
initiate_joren,39,Are you nervous about the spring exam?,1777937240.5346467,1777937241.0874894,552.8415000298992,True,,111
initiate_joren,40,What's the best part of your day?,1777937241.087521,1777937241.7704995,682.9770999611355,True,,181
initiate_joren,41,Tell me about yourself.,1777937241.7705603,1777937242.5661151,795.5536000081338,True,,190
initiate_joren,42,What's training like?,1777937242.5661483,1777937243.1948636,628.7142999935895,True,,170
initiate_joren,43,What do you do at St Damson's?,1777937243.1948903,1777937243.9058268,710.9349999809638,True,,204
initiate_joren,44,How long have you been here?,1777937243.9058566,1777937244.4724731,566.6158000240102,True,,113
initiate_joren,45,Tell me about your village.,1777937244.4725065,1777937245.0519533,579.4460000470281,True,,121
initiate_joren,46,What weapons do you train with?,1777937245.0519743,1777937245.673476,621.500700013712,True,,156
initiate_joren,47,What's the daily routine?,1777937245.6735086,1777937246.5677032,894.1935999901034,True,,256
initiate_joren,48,What do the squires think of you?,1777937246.5677342,1777937247.2696915,701.9567000097595,True,,177
initiate_joren,49,Are you nervous about the spring exam?,1777937247.2697144,1777937247.9551625,685.4476999724284,True,,174
initiate_joren,50,What's the best part of your day?,1777937247.955185,1777937248.621435,666.2492000032216,True,,170
initiate_joren,51,Tell me about yourself.,1777937248.6216123,1777937249.5775044,955.8907999889925,True,,259
initiate_joren,52,What's training like?,1777937249.5775406,1777937250.2145886,637.0476000010967,True,,154
initiate_joren,53,What do you do at St Damson's?,1777937250.2146118,1777937250.7853801,570.7678000326268,True,,136
initiate_joren,54,How long have you been here?,1777937250.7854044,1777937251.254124,468.71919999830425,True,,95
initiate_joren,55,Tell me about your village.,1777937251.254145,1777937251.9449441,690.7984999706969,True,,171
initiate_joren,56,What weapons do you train with?,1777937251.9449687,1777937252.686049,741.0797000047751,True,,192
initiate_joren,57,What's the daily routine?,1777937252.6860704,1777937253.5143266,828.2556000049226,True,,271
initiate_joren,58,What do the squires think of you?,1777937253.5143492,1777937254.296512,782.1619999594986,True,,199
initiate_joren,59,Are you nervous about the spring exam?,1777937254.2965648,1777937254.916408,619.8427000199445,True,,146
initiate_joren,60,What's the best part of your day?,1777937254.9164302,1777937255.7616525,845.2214000280946,True,,233
initiate_joren,61,Tell me about yourself.,1777937255.7616875,1777937256.517326,755.637799971737,True,,184
initiate_joren,62,What's training like?,1777937256.5173643,1777937257.1658697,648.5044000437483,True,,160
initiate_joren,63,What do you do at St Damson's?,1777937257.165931,1777937257.7276726,561.7410000413656,True,,119
initiate_joren,64,How long have you been here?,1777937257.7276974,1777937258.4284887,700.7897000294179,True,,164
initiate_joren,65,Tell me about your village.,1777937258.4285364,1777937259.2164829,787.9456000518985,True,,199
initiate_joren,66,What weapons do you train with?,1777937259.2165408,1777937259.7453928,528.8511000107974,True,,124
initiate_joren,67,What's the daily routine?,1777937259.7454164,1777937260.530413,784.9950000527315,True,,241
initiate_joren,68,What do the squires think of you?,1777937260.5304744,1777937261.4201083,889.6326000103727,True,,257
initiate_joren,69,Are you nervous about the spring exam?,1777937261.4201384,1777937262.0767915,656.6520999767818,True,,144
initiate_joren,70,What's the best part of your day?,1777937262.0768526,1777937262.7010381,624.1844000178389,True,,142
initiate_joren,71,Tell me about yourself.,1777937262.7010622,1777937263.535939,834.8756000050344,True,,217
initiate_joren,72,What's training like?,1777937263.5359676,1777937264.4228816,886.9125999626704,True,,265
initiate_joren,73,What do you do at St Damson's?,1777937264.4229107,1777937264.911756,488.84490004274994,True,,101
initiate_joren,74,How long have you been here?,1777937264.9117773,1777937265.622802,711.0238999594003,True,,163
initiate_joren,75,Tell me about your village.,1777937265.622826,1777937266.427198,804.371100035496,True,,188
initiate_joren,76,What weapons do you train with?,1777937266.4272213,1777937267.021626,594.4041000329889,True,,148
initiate_joren,77,What's the daily routine?,1777937267.0216827,1777937267.6320472,610.3636000188999,True,,158
initiate_joren,78,What do the squires think of you?,1777937267.632071,1777937268.3230226,690.9511999692768,True,,188
initiate_joren,79,Are you nervous about the spring exam?,1777937268.3230493,1777937268.895836,572.7864999789745,True,,124
initiate_joren,80,What's the best part of your day?,1777937268.8958611,1777937269.9349742,1039.1118999687023,True,,311
initiate_joren,81,Tell me about yourself.,1777937269.9349992,1777937270.744757,809.7567000077106,True,,193
initiate_joren,82,What's training like?,1777937270.744785,1777937271.3788884,634.1026999871247,True,,165
initiate_joren,83,What do you do at St Damson's?,1777937271.3789139,1777937272.0014958,622.5811999756843,True,,147
initiate_joren,84,How long have you been here?,1777937272.0015185,1777937272.5562053,554.6859999885783,True,,112
initiate_joren,85,Tell me about your village.,1777937272.5562408,1777937273.4558518,899.6099999640137,True,,239
initiate_joren,86,What weapons do you train with?,1777937273.4558766,1777937274.0683832,612.5061999773607,True,,141
initiate_joren,87,What's the daily routine?,1777937274.0684106,1777937274.5737722,505.360999959521,True,,123
initiate_joren,88,What do the squires think of you?,1777937274.573796,1777937275.3035474,729.749999998603,True,,197
initiate_joren,89,Are you nervous about the spring exam?,1777937275.303586,1777937275.8762598,572.6730999886058,True,,132
initiate_joren,90,What's the best part of your day?,1777937275.876281,1777937276.7324886,856.2073000357486,True,,258
initiate_joren,91,Tell me about yourself.,1777937276.7325106,1777937277.6519053,919.3937999662012,True,,237
initiate_joren,92,What's training like?,1777937277.6519644,1777937278.2775967,625.6314000347629,True,,156
initiate_joren,93,What do you do at St Damson's?,1777937278.2776308,1777937278.9637547,686.1231999937445,True,,174
initiate_joren,94,How long have you been here?,1777937278.963777,1777937279.490658,526.8807000247762,True,,113
initiate_joren,95,Tell me about your village.,1777937279.4906816,1777937280.1042836,613.600899989251,True,,126
initiate_joren,96,What weapons do you train with?,1777937280.1043177,1777937281.0871322,982.8139000455849,True,,229
initiate_joren,97,What's the daily routine?,1777937281.0871565,1777937281.8650897,777.932700002566,True,,220
initiate_joren,98,What do the squires think of you?,1777937281.8651147,1777937282.5019114,636.7961000069045,True,,150
initiate_joren,99,Are you nervous about the spring exam?,1777937282.5019503,1777937283.182941,680.990099965129,True,,157
initiate_joren,100,What's the best part of your day?,1777937283.1829634,1777937283.762587,579.6233000000939,True,,131
initiate_joren,101,Tell me about yourself.,1777937283.762814,1777937284.6587555,895.9410999668762,True,,230
initiate_joren,102,What's training like?,1777937284.658778,1777937285.463241,804.4630000367761,True,,212
initiate_joren,103,What do you do at St Damson's?,1777937285.463277,1777937286.0084991,545.2215999830514,True,,98
initiate_joren,104,How long have you been here?,1777937286.0085459,1777937286.4362895,427.7431999798864,True,,81
initiate_joren,105,Tell me about your village.,1777937286.4363108,1777937287.0848553,648.5435000504367,True,,126
initiate_joren,106,What weapons do you train with?,1777937287.0849001,1777937287.765978,681.0770999873057,True,,156
initiate_joren,107,What's the daily routine?,1777937287.7660022,1777937288.9194465,1153.4417999791913,True,,220
initiate_joren,108,What do the squires think of you?,1777937288.9195826,1777937289.8924654,972.881099965889,True,,145
initiate_joren,109,Are you nervous about the spring exam?,1777937289.8925006,1777937290.7520156,859.5137000083923,True,,154
initiate_joren,110,What's the best part of your day?,1777937290.7520647,1777937291.926073,1174.0073999972083,True,,249
initiate_joren,111,Tell me about yourself.,1777937291.9261122,1777937292.9289227,1002.8091999702156,True,,164
initiate_joren,112,What's training like?,1777937292.9289556,1777937293.863584,934.6274999552406,True,,184
initiate_joren,113,What do you do at St Damson's?,1777937293.863627,1777937294.6993244,835.6963999685831,True,,145
initiate_joren,114,How long have you been here?,1777937294.6993618,1777937295.4354637,736.1009999876842,True,,124
initiate_joren,115,Tell me about your village.,1777937295.435495,1777937296.3129613,877.4657000321895,True,,178
initiate_joren,116,What weapons do you train with?,1777937296.3130007,1777937297.139083,826.0816000401974,True,,156
initiate_joren,117,What's the daily routine?,1777937297.1391196,1777937298.0738666,934.7458999836817,True,,219
initiate_joren,118,What do the squires think of you?,1777937298.0739026,1777937298.9161859,842.2824000008404,True,,185
initiate_joren,119,Are you nervous about the spring exam?,1777937298.916223,1777937299.7003593,784.135400026571,True,,164
initiate_joren,120,What's the best part of your day?,1777937299.7004013,1777937300.482528,782.1260000346228,True,,156
initiate_joren,121,Tell me about yourself.,1777937300.4825659,1777937301.4227881,940.2211999986321,True,,189
initiate_joren,122,What's training like?,1777937301.4228246,1777937302.3898368,967.0110999722965,True,,220
initiate_joren,123,What do you do at St Damson's?,1777937302.3898735,1777937303.2933583,903.484100010246,True,,195
initiate_joren,124,How long have you been here?,1777937303.2934031,1777937303.990616,697.2120000282302,True,,119
initiate_joren,125,Tell me about your village.,1777937303.9906516,1777937304.6848192,694.1668000072241,True,,106
initiate_joren,126,What weapons do you train with?,1777937304.6848564,1777937305.4340785,749.221200007014,True,,142
initiate_joren,127,What's the daily routine?,1777937305.4341123,1777937306.2130368,778.9237999822944,True,,149
initiate_joren,128,What do the squires think of you?,1777937306.2130735,1777937307.104965,891.8905000318773,True,,197
initiate_joren,129,Are you nervous about the spring exam?,1777937307.1050239,1777937308.0347173,929.6926999813877,True,,218
initiate_joren,130,What's the best part of your day?,1777937308.0347564,1777937308.8423085,807.5506000313908,True,,162
initiate_joren,131,Tell me about yourself.,1777937308.842368,1777937309.7583206,915.9515999490395,True,,193
initiate_joren,132,What's training like?,1777937309.7583609,1777937310.6957772,937.4151999945752,True,,244
initiate_joren,133,What do you do at St Damson's?,1777937310.695856,1777937311.3758519,679.994500009343,True,,131
initiate_joren,134,How long have you been here?,1777937311.3758917,1777937311.9860902,610.197700036224,True,,77
initiate_joren,135,Tell me about your village.,1777937311.9861622,1777937312.7300503,743.8871000194922,True,,134
initiate_joren,136,What weapons do you train with?,1777937312.7301004,1777937313.4955506,765.4493000009097,True,,143
initiate_joren,137,What's the daily routine?,1777937313.4955895,1777937314.3181963,822.6059000007808,True,,206
initiate_joren,138,What do the squires think of you?,1777937314.3182335,1777937315.3276598,1009.4255000003614,True,,222
initiate_joren,139,Are you nervous about the spring exam?,1777937315.327698,1777937316.0031354,675.4364999942482,True,,113
initiate_joren,140,What's the best part of your day?,1777937316.003173,1777937316.9335153,930.3412999724969,True,,195
initiate_joren,141,Tell me about yourself.,1777937316.9335535,1777937317.9671261,1033.5716999834403,True,,196
initiate_joren,142,What's training like?,1777937317.9671674,1777937318.8272693,860.1007999968715,True,,182
initiate_joren,143,What do you do at St Damson's?,1777937318.82731,1777937319.663538,836.2269000499509,True,,201
initiate_joren,144,How long have you been here?,1777937319.6635778,1777937320.2811902,617.6116000278853,True,,84
initiate_joren,145,Tell me about your village.,1777937320.281226,1777937321.0500903,768.8633999787271,True,,129
initiate_joren,146,What weapons do you train with?,1777937321.0501285,1777937321.7163804,666.2514000199735,True,,112
initiate_joren,147,What's the daily routine?,1777937321.7164166,1777937322.4377556,721.3382000336424,True,,137
initiate_joren,148,What do the squires think of you?,1777937322.4377944,1777937323.3505762,912.7803000155836,True,,207
initiate_joren,149,Are you nervous about the spring exam?,1777937323.3506298,1777937324.281894,931.2633000081405,True,,207
initiate_joren,150,What's the best part of your day?,1777937324.2819335,1777937325.1921964,910.2617000462487,True,,212
initiate_joren,151,Tell me about yourself.,1777937325.1925082,1777937326.1195889,927.0794999902137,True,,191
initiate_joren,152,What's training like?,1777937326.1196258,1777937326.8765826,756.9560999982059,True,,164
initiate_joren,153,What do you do at St Damson's?,1777937326.8766263,1777937327.7111154,834.487900021486,True,,174
initiate_joren,154,How long have you been here?,1777937327.7111502,1777937328.3403158,629.1647999896668,True,,90
initiate_joren,155,Tell me about your village.,1777937328.340355,1777937329.0744817,734.1256000217982,True,,112
initiate_joren,156,What weapons do you train with?,1777937329.0745418,1777937329.930683,856.1402999912389,True,,186
initiate_joren,157,What's the daily routine?,1777937329.9307203,1777937330.8347292,904.0079999831505,True,,210
initiate_joren,158,What do the squires think of you?,1777937330.834766,1777937331.7467997,912.0325000258163,True,,189
initiate_joren,159,Are you nervous about the spring exam?,1777937331.7468433,1777937332.6177046,870.8603999693878,True,,162
initiate_joren,160,What's the best part of your day?,1777937332.6177437,1777937333.66667,1048.9257000153884,True,,241
initiate_joren,161,Tell me about yourself.,1777937333.666707,1777937334.5538685,887.160699989181,True,,176
initiate_joren,162,What's training like?,1777937334.5539012,1777937335.493641,939.7387999924831,True,,194
initiate_joren,163,What do you do at St Damson's?,1777937335.4936767,1777937336.1990483,705.3707999875769,True,,125
initiate_joren,164,How long have you been here?,1777937336.1990814,1777937336.8922272,693.1447999668308,True,,95
initiate_joren,165,Tell me about your village.,1777937336.8922637,1777937337.6036499,711.3854000344872,True,,120
initiate_joren,166,What weapons do you train with?,1777937337.6036863,1777937338.4162972,812.6097000204027,True,,156
initiate_joren,167,What's the daily routine?,1777937338.4163356,1777937339.2041228,787.7866000053473,True,,171
initiate_joren,168,What do the squires think of you?,1777937339.2041595,1777937339.9259672,721.8065000488423,True,,116
initiate_joren,169,Are you nervous about the spring exam?,1777937339.9260056,1777937340.7000368,774.0301000303589,True,,113
initiate_joren,170,What's the best part of your day?,1777937340.7000723,1777937341.5884292,888.3560000103898,True,,185
initiate_joren,171,Tell me about yourself.,1777937341.5884688,1777937342.6181312,1029.6615000115708,True,,210
initiate_joren,172,What's training like?,1777937342.618171,1777937343.4837275,865.5557000311092,True,,181
initiate_joren,173,What do you do at St Damson's?,1777937343.4837658,1777937344.2946343,810.8675999683328,True,,150
initiate_joren,174,How long have you been here?,1777937344.2946715,1777937344.9939823,699.3095999932848,True,,95
initiate_joren,175,Tell me about your village.,1777937344.994021,1777937345.8163788,822.3572000279091,True,,135
initiate_joren,176,What weapons do you train with?,1777937345.816418,1777937346.6272895,810.8701999881305,True,,168
initiate_joren,177,What's the daily routine?,1777937346.6273263,1777937347.5042975,876.9702999852598,True,,202
initiate_joren,178,What do the squires think of you?,1777937347.5043356,1777937348.5177908,1013.454100000672,True,,218
initiate_joren,179,Are you nervous about the spring exam?,1777937348.5178277,1777937349.3744216,856.5925000002608,True,,173
initiate_joren,180,What's the best part of your day?,1777937349.3744552,1777937350.1793447,804.8883000155911,True,,180
initiate_joren,181,Tell me about yourself.,1777937350.179393,1777937351.1652923,985.8981000143103,True,,156
initiate_joren,182,What's training like?,1777937351.165328,1777937352.0749922,909.663200029172,True,,209
initiate_joren,183,What do you do at St Damson's?,1777937352.0750341,1777937353.0246248,949.5902000344358,True,,160
initiate_joren,184,How long have you been here?,1777937353.0246623,1777937353.6837847,659.1213999781758,True,,100
initiate_joren,185,Tell me about your village.,1777937353.6838233,1777937354.5694063,885.5819000164047,True,,149
initiate_joren,186,What weapons do you train with?,1777937354.5694416,1777937355.3495402,780.0978999584913,True,,155
initiate_joren,187,What's the daily routine?,1777937355.3495777,1777937356.3085713,958.9927000342868,True,,235
initiate_joren,188,What do the squires think of you?,1777937356.3086116,1777937357.3069983,998.3859999920242,True,,218
initiate_joren,189,Are you nervous about the spring exam?,1777937357.3070357,1777937358.2736475,966.6109999525361,True,,219
initiate_joren,190,What's the best part of your day?,1777937358.2736847,1777937359.2717726,998.0867000413127,True,,222
initiate_joren,191,Tell me about yourself.,1777937359.271815,1777937360.2813427,1009.5260000089183,True,,212
initiate_joren,192,What's training like?,1777937360.2814093,1777937361.2431753,961.7647000122815,True,,176
initiate_joren,193,What do you do at St Damson's?,1777937361.2432137,1777937362.1302197,887.0050999685191,True,,134
initiate_joren,194,How long have you been here?,1777937362.1302588,1777937362.968153,837.8934999927878,True,,121
initiate_joren,195,Tell me about your village.,1777937362.9681923,1777937364.2402215,1272.0266999676824,True,,173
initiate_joren,196,What weapons do you train with?,1777937364.2404053,1777937365.3180568,1077.6486999820918,True,,172
initiate_joren,197,What's the daily routine?,1777937365.3181572,1777937366.4570282,1138.8694999623112,True,,202
initiate_joren,198,What do the squires think of you?,1777937366.457074,1777937367.5642705,1107.1943999850191,True,,151
initiate_joren,199,Are you nervous about the spring exam?,1777937367.5643954,1777937368.575386,1010.9887999715284,True,,137
initiate_joren,200,What's the best part of your day?,1777937368.5754364,1777937369.9686317,1393.1939999456517,True,,208
initiate_joren,201,Tell me about yourself.,1777937369.9690409,1777937371.119644,1150.601600005757,True,,148
initiate_joren,202,What's training like?,1777937371.1196864,1777937371.9906135,870.9262000047602,True,,126
initiate_joren,203,What do you do at St Damson's?,1777937371.9906526,1777937373.170814,1180.1598999882117,True,,166
initiate_joren,204,How long have you been here?,1777937373.1708734,1777937374.0145903,843.7156999716535,True,,103
initiate_joren,205,Tell me about your village.,1777937374.01465,1777937374.9994729,984.8217000253499,True,,139
initiate_joren,206,What weapons do you train with?,1777937374.9995112,1777937375.8135383,814.0257999766618,True,,90
initiate_joren,207,What's the daily routine?,1777937375.8135972,1777937376.7369099,923.3112999936566,True,,162
initiate_joren,208,What do the squires think of you?,1777937376.7369485,1777937377.616087,879.1378000169061,True,,132
initiate_joren,209,Are you nervous about the spring exam?,1777937377.6161244,1777937378.6534424,1037.316199974157,True,,167
initiate_joren,210,What's the best part of your day?,1777937378.6535022,1777937379.9814973,1327.9934999882244,True,,237
initiate_joren,211,Tell me about yourself.,1777937379.9815888,1777937381.3476956,1366.1054000258446,True,,264
initiate_joren,212,What's training like?,1777937381.347734,1777937382.5310798,1183.3441999624483,True,,199
initiate_joren,213,What do you do at St Damson's?,1777937382.5311482,1777937383.3446743,813.5246000019833,True,,120
initiate_joren,214,How long have you been here?,1777937383.3447192,1777937384.2873619,942.6415999769233,True,,131
initiate_joren,215,Tell me about your village.,1777937384.2874103,1777937385.4295285,1142.1173000126146,True,,130
initiate_joren,216,What weapons do you train with?,1777937385.4295695,1777937386.4894946,1059.9236999987625,True,,153
initiate_joren,217,What's the daily routine?,1777937386.4895341,1777937387.528592,1039.0563000109978,True,,187
initiate_joren,218,What do the squires think of you?,1777937387.528659,1777937388.542101,1013.4403999545611,True,,152
initiate_joren,219,Are you nervous about the spring exam?,1777937388.5421407,1777937389.5840874,1041.9453000067733,True,,206
initiate_joren,220,What's the best part of your day?,1777937389.584151,1777937390.5114458,927.2930000443012,True,,165
initiate_joren,221,Tell me about yourself.,1777937390.5115173,1777937391.6710548,1159.536199993454,True,,198
initiate_joren,222,What's training like?,1777937391.671116,1777937392.5735493,902.4324000347406,True,,139
initiate_joren,223,What do you do at St Damson's?,1777937392.5735855,1777937393.5088487,935.2625999599695,True,,147
initiate_joren,224,How long have you been here?,1777937393.508888,1777937394.5789464,1070.0570000335574,True,,144
initiate_joren,225,Tell me about your village.,1777937394.5790038,1777937395.8648114,1285.8056999975815,True,,219
initiate_joren,226,What weapons do you train with?,1777937395.8648891,1777937396.7705188,905.6278000352904,True,,128
initiate_joren,227,What's the daily routine?,1777937396.770589,1777937397.7210128,950.4222000250593,True,,155
initiate_joren,228,What do the squires think of you?,1777937397.7210584,1777937398.944191,1223.13130000839,True,,220
initiate_joren,229,Are you nervous about the spring exam?,1777937398.944266,1777937400.0161557,1071.8885000096634,True,,166
initiate_joren,230,What's the best part of your day?,1777937400.0161939,1777937401.1179132,1101.7182000214234,True,,170
initiate_joren,231,Tell me about yourself.,1777937401.117978,1777937402.3286517,1210.6721000163816,True,,194
initiate_joren,232,What's training like?,1777937402.328691,1777937403.468741,1140.0487999781035,True,,188
initiate_joren,233,What do you do at St Damson's?,1777937403.468779,1777937404.6259823,1157.2017000289634,True,,203
initiate_joren,234,How long have you been here?,1777937404.626061,1777937405.731593,1105.529699998442,True,,159
initiate_joren,235,Tell me about your village.,1777937405.7316687,1777937406.8633997,1131.7287000129,True,,137
initiate_joren,236,What weapons do you train with?,1777937406.8634746,1777937408.0057325,1142.2562000225298,True,,180
initiate_joren,237,What's the daily routine?,1777937408.0057955,1777937409.1592014,1153.404299984686,True,,217
initiate_joren,238,What do the squires think of you?,1777937409.1592746,1777937410.1942532,1034.9775000358932,True,,172
initiate_joren,239,Are you nervous about the spring exam?,1777937410.194289,1777937411.1362221,941.9322999892756,True,,134
initiate_joren,240,What's the best part of your day?,1777937411.1362615,1777937412.292957,1156.6947999526747,True,,210
initiate_joren,241,Tell me about yourself.,1777937412.2929997,1777937413.2953436,1002.3418999626301,True,,139
initiate_joren,242,What's training like?,1777937413.295453,1777937414.267135,971.6798000154085,True,,183
initiate_joren,243,What do you do at St Damson's?,1777937414.267201,1777937415.1941357,926.9331999821588,True,,153
initiate_joren,244,How long have you been here?,1777937415.1941729,1777937416.2849548,1090.7811999786645,True,,119
initiate_joren,245,Tell me about your village.,1777937416.2849922,1777937417.3490245,1064.0315000200644,True,,191
initiate_joren,246,What weapons do you train with?,1777937417.3490627,1777937418.3439672,994.9035000172444,True,,155
initiate_joren,247,What's the daily routine?,1777937418.3440042,1777937419.4781797,1134.1738000046462,True,,187
initiate_joren,248,What do the squires think of you?,1777937419.478252,1777937420.439659,961.4053000113927,True,,160
initiate_joren,249,Are you nervous about the spring exam?,1777937420.4397159,1777937421.566656,1126.9384999759495,True,,210
initiate_joren,250,What's the best part of your day?,1777937421.566726,1777937422.722252,1155.5248000076972,True,,241
initiate_joren,251,Tell me about yourself.,1777937422.722496,1777937423.8622031,1139.7042999742553,True,,181
initiate_joren,252,What's training like?,1777937423.8623114,1777937425.052047,1189.7335999528877,True,,191
initiate_joren,253,What do you do at St Damson's?,1777937425.052128,1777937426.1789837,1126.854399975855,True,,175
initiate_joren,254,How long have you been here?,1777937426.179022,1777937427.2387588,1059.7355000209063,True,,154
initiate_joren,255,Tell me about your village.,1777937427.2388208,1777937428.1457076,906.8853000062518,True,,137
initiate_joren,256,What weapons do you train with?,1777937428.1457725,1777937429.1279626,982.1879000519402,True,,172
initiate_joren,257,What's the daily routine?,1777937429.1280668,1777937430.162515,1034.4464999507181,True,,161
initiate_joren,258,What do the squires think of you?,1777937430.162568,1777937431.380632,1218.061099993065,True,,225
initiate_joren,259,Are you nervous about the spring exam?,1777937431.3807447,1777937432.4422822,1061.534800042864,True,,160
initiate_joren,260,What's the best part of your day?,1777937432.442394,1777937433.3644779,922.0821999479085,True,,142
initiate_joren,261,Tell me about yourself.,1777937433.3645222,1777937434.6482384,1283.7133000139147,True,,182
initiate_joren,262,What's training like?,1777937434.6483653,1777937435.8572881,1208.921100012958,True,,214
initiate_joren,263,What do you do at St Damson's?,1777937435.8573396,1777937436.8040972,946.7549999826588,True,,143
initiate_joren,264,How long have you been here?,1777937436.804161,1777937437.7754135,971.2510000099428,True,,121
initiate_joren,265,Tell me about your village.,1777937437.7754745,1777937438.9141283,1138.6528000002727,True,,168
initiate_joren,266,What weapons do you train with?,1777937438.914168,1777937440.0335195,1119.3501999950968,True,,162
initiate_joren,267,What's the daily routine?,1777937440.0335965,1777937441.2223916,1188.7940000160597,True,,213
initiate_joren,268,What do the squires think of you?,1777937441.2224298,1777937442.1918626,969.431400008034,True,,125
initiate_joren,269,Are you nervous about the spring exam?,1777937442.1919248,1777937443.1307118,938.7841999996454,True,,97
initiate_joren,270,What's the best part of your day?,1777937443.130829,1777937444.1910298,1060.1978999911807,True,,171
initiate_joren,271,Tell me about yourself.,1777937444.191125,1777937445.2014062,1010.2787999785505,True,,121
initiate_joren,272,What's training like?,1777937445.201508,1777937446.3610501,1159.5408000284806,True,,178
initiate_joren,273,What do you do at St Damson's?,1777937446.3610861,1777937447.2630796,901.9913999945857,True,,144
initiate_joren,274,How long have you been here?,1777937447.2632802,1777937448.3227706,1059.4892999506555,True,,113
initiate_joren,275,Tell me about your village.,1777937448.322809,1777937449.3770587,1054.248800035566,True,,159
initiate_joren,276,What weapons do you train with?,1777937449.3770978,1777937450.484032,1106.933300034143,True,,170
initiate_joren,277,What's the daily routine?,1777937450.4840727,1777937451.4398062,955.7313999976031,True,,160
initiate_joren,278,What do the squires think of you?,1777937451.4399068,1777937452.3194232,879.513899970334,True,,103
initiate_joren,279,Are you nervous about the spring exam?,1777937452.3195238,1777937453.2653053,945.779700006824,True,,103
initiate_joren,280,What's the best part of your day?,1777937453.2654285,1777937454.4382427,1172.813099983614,True,,216
initiate_joren,281,Tell me about yourself.,1777937454.4383028,1777937455.4836164,1045.3120999736711,True,,146
initiate_joren,282,What's training like?,1777937455.4836779,1777937456.5595624,1075.8833999861963,True,,217
initiate_joren,283,What do you do at St Damson's?,1777937456.5596118,1777937457.780431,1220.8180999732576,True,,212
initiate_joren,284,How long have you been here?,1777937457.780469,1777937458.9360886,1155.6183000211604,True,,207
initiate_joren,285,Tell me about your village.,1777937458.9361534,1777937460.1288714,1192.7167000249028,True,,215
initiate_joren,286,What weapons do you train with?,1777937460.128932,1777937460.9672854,838.3518000482582,True,,126
initiate_joren,287,What's the daily routine?,1777937460.967363,1777937461.942606,975.2411000081338,True,,155
initiate_joren,288,What do the squires think of you?,1777937461.942673,1777937463.1411088,1198.43500002753,True,,246
initiate_joren,289,Are you nervous about the spring exam?,1777937463.1411471,1777937464.0533082,912.1601999504492,True,,105
initiate_joren,290,What's the best part of your day?,1777937464.0533442,1777937465.2225714,1169.2258999682963,True,,231
initiate_joren,291,Tell me about yourself.,1777937465.2226112,1777937466.5188255,1296.2117999559268,True,,240
initiate_joren,292,What's training like?,1777937466.5189376,1777937467.5769851,1058.044900011737,True,,159
initiate_joren,293,What do you do at St Damson's?,1777937467.577084,1777937468.5791876,1002.1011999924667,True,,127
initiate_joren,294,How long have you been here?,1777937468.5792813,1777937469.4562156,876.9325000466779,True,,116
initiate_joren,295,Tell me about your village.,1777937469.4562545,1777937470.5879157,1131.6606000182219,True,,159
initiate_joren,296,What weapons do you train with?,1777937470.5879529,1777937471.4575226,869.5683000260033,True,,137
initiate_joren,297,What's the daily routine?,1777937471.457591,1777937472.6417036,1184.111499984283,True,,221
initiate_joren,298,What do the squires think of you?,1777937472.6417449,1777937473.6746244,1032.8780999989249,True,,169
initiate_joren,299,Are you nervous about the spring exam?,1777937473.6746867,1777937474.569014,894.3259000079706,True,,137
initiate_joren,300,What's the best part of your day?,1777937474.5690866,1777937475.7436838,1174.5948999887332,True,,207
initiate_joren,301,Tell me about yourself.,1777937475.7444446,1777937476.8670454,1122.5987000507303,True,,204
initiate_joren,302,What's training like?,1777937476.8670917,1777937477.806851,939.7579000215046,True,,130
initiate_joren,303,What do you do at St Damson's?,1777937477.806905,1777937478.7678437,960.9370999969542,True,,143
initiate_joren,304,How long have you been here?,1777937478.7679124,1777937479.6047401,836.8264999589883,True,,122
initiate_joren,305,Tell me about your village.,1777937479.6047778,1777937480.6325386,1027.7594000217505,True,,161
initiate_joren,306,What weapons do you train with?,1777937480.6325924,1777937481.6340666,1001.4730999828316,True,,181
initiate_joren,307,What's the daily routine?,1777937481.6341078,1777937482.6686113,1034.5024000271223,True,,189
initiate_joren,308,What do the squires think of you?,1777937482.6686633,1777937483.7772071,1108.5425000055693,True,,215
initiate_joren,309,Are you nervous about the spring exam?,1777937483.7772453,1777937484.8515763,1074.3295999709517,True,,141
initiate_joren,310,What's the best part of your day?,1777937484.8516288,1777937486.475252,1623.6218999838457,True,,291
initiate_joren,311,Tell me about yourself.,1777937486.4753065,1777937487.5348618,1059.5541999791749,True,,184
initiate_joren,312,What's training like?,1777937487.5349076,1777937488.396828,861.9193000486121,True,,204
initiate_joren,313,What do you do at St Damson's?,1777937488.3968635,1777937489.2545574,857.6929999981076,True,,178
initiate_joren,314,How long have you been here?,1777937489.254591,1777937489.7807522,526.1606000130996,True,,86
initiate_joren,315,Tell me about your village.,1777937489.7807803,1777937490.5298114,749.0300000063144,True,,137
initiate_joren,316,What weapons do you train with?,1777937490.529878,1777937491.3107126,780.833300028462,True,,174
initiate_joren,317,What's the daily routine?,1777937491.3107674,1777937492.1665473,855.7782000279985,True,,242
initiate_joren,318,What do the squires think of you?,1777937492.1665797,1777937492.9045537,737.9730999819003,True,,141
initiate_joren,319,Are you nervous about the spring exam?,1777937492.904589,1777937493.5151317,610.5418999795802,True,,86
initiate_joren,320,What's the best part of your day?,1777937493.5151606,1777937494.278135,762.972800002899,True,,152
initiate_joren,321,Tell me about yourself.,1777937494.278166,1777937495.2030683,924.9012999935076,True,,199
initiate_joren,322,What's training like?,1777937495.2031198,1777937495.979859,776.7380000441335,True,,182
initiate_joren,323,What do you do at St Damson's?,1777937495.979908,1777937496.739729,759.8202000372112,True,,154
initiate_joren,324,How long have you been here?,1777937496.7397575,1777937497.4532816,713.5226000100374,True,,109
initiate_joren,325,Tell me about your village.,1777937497.4533112,1777937498.1226866,669.374700053595,True,,121
initiate_joren,326,What weapons do you train with?,1777937498.1227124,1777937498.9877799,865.0664000306278,True,,159
initiate_joren,327,What's the daily routine?,1777937498.9878135,1777937499.914184,926.3699000002816,True,,192
initiate_joren,328,What do the squires think of you?,1777937499.9142249,1777937500.829291,915.0652999524027,True,,189
initiate_joren,329,Are you nervous about the spring exam?,1777937500.8293257,1777937501.5499432,720.6166000105441,True,,121
initiate_joren,330,What's the best part of your day?,1777937501.549983,1777937502.2253811,675.3971000434831,True,,147
initiate_joren,331,Tell me about yourself.,1777937502.2254076,1777937503.2055297,980.1206999691203,True,,232
initiate_joren,332,What's training like?,1777937503.2056103,1777937504.1931484,987.5372999813408,True,,242
initiate_joren,333,What do you do at St Damson's?,1777937504.193179,1777937505.0253708,832.190899993293,True,,192
initiate_joren,334,How long have you been here?,1777937505.02542,1777937505.698217,672.7961000287905,True,,116
initiate_joren,335,Tell me about your village.,1777937505.6982498,1777937506.5054328,807.1818999596871,True,,171
initiate_joren,336,What weapons do you train with?,1777937506.5055466,1777937507.169518,663.9704999979585,True,,156
initiate_joren,337,What's the daily routine?,1777937507.1695466,1777937507.830884,661.3372000283562,True,,153
initiate_joren,338,What do the squires think of you?,1777937507.8309093,1777937508.4106286,579.7174999606796,True,,119
initiate_joren,339,Are you nervous about the spring exam?,1777937508.4106727,1777937509.0578086,647.134700033348,True,,139
initiate_joren,340,What's the best part of your day?,1777937509.0578377,1777937509.9556963,897.8578000096604,True,,247
initiate_joren,341,Tell me about yourself.,1777937509.9557245,1777937510.7615657,805.8403999893926,True,,167
initiate_joren,342,What's training like?,1777937510.761605,1777937511.5561163,794.5101999794133,True,,182
initiate_joren,343,What do you do at St Damson's?,1777937511.556199,1777937512.2054505,649.2502000182867,True,,162
initiate_joren,344,How long have you been here?,1777937512.2054813,1777937512.9142764,708.7937999749556,True,,143
initiate_joren,345,Tell me about your village.,1777937512.9143057,1777937513.7123814,798.0749999987893,True,,182
initiate_joren,346,What weapons do you train with?,1777937513.7124114,1777937514.3340285,621.6162000200711,True,,118
initiate_joren,347,What's the daily routine?,1777937514.3340738,1777937515.1190553,784.9808000028133,True,,197
initiate_joren,348,What do the squires think of you?,1777937515.1190815,1777937515.7838588,664.7759000188671,True,,171
initiate_joren,349,Are you nervous about the spring exam?,1777937515.7838898,1777937516.4748194,690.9291999763809,True,,157
initiate_joren,350,What's the best part of your day?,1777937516.4748464,1777937517.1705616,695.7138000288978,True,,163
initiate_joren,351,Tell me about yourself.,1777937517.170954,1777937517.88397,713.0145000410266,True,,145
initiate_joren,352,What's training like?,1777937517.8839998,1777937518.681185,797.1844999701716,True,,179
initiate_joren,353,What do you do at St Damson's?,1777937518.6812172,1777937519.5612605,880.0411999691278,True,,210
initiate_joren,354,How long have you been here?,1777937519.5613194,1777937520.1577237,596.4035000069998,True,,100
initiate_joren,355,Tell me about your village.,1777937520.1577528,1777937520.7610493,603.29580004327,True,,130
initiate_joren,356,What weapons do you train with?,1777937520.7610745,1777937521.419589,658.5142000112683,True,,167
initiate_joren,357,What's the daily routine?,1777937521.4196157,1777937522.1392503,719.6338000358082,True,,168
initiate_joren,358,What do the squires think of you?,1777937522.1392772,1777937522.8554294,716.1510000005364,True,,166
initiate_joren,359,Are you nervous about the spring exam?,1777937522.8554573,1777937523.4856317,630.1725000375882,True,,148
initiate_joren,360,What's the best part of your day?,1777937523.4856648,1777937524.51809,1032.424799981527,True,,279
initiate_joren,361,Tell me about yourself.,1777937524.5181212,1777937525.3910978,872.9759000125341,True,,216
initiate_joren,362,What's training like?,1777937525.3911405,1777937526.338024,946.8821000191383,True,,237
initiate_joren,363,What do you do at St Damson's?,1777937526.3380873,1777937527.0574949,719.4064999930561,True,,129
initiate_joren,364,How long have you been here?,1777937527.0575204,1777937527.6571085,599.5864000287838,True,,119
initiate_joren,365,Tell me about your village.,1777937527.6571574,1777937528.2431362,585.9782000188716,True,,112
initiate_joren,366,What weapons do you train with?,1777937528.2431633,1777937528.7905438,547.378999995999,True,,126
initiate_joren,367,What's the daily routine?,1777937528.7906036,1777937529.5476398,757.0354000199586,True,,204
initiate_joren,368,What do the squires think of you?,1777937529.5476694,1777937530.342869,795.1986999833025,True,,192
initiate_joren,369,Are you nervous about the spring exam?,1777937530.342895,1777937530.9274611,584.5654999720864,True,,118
initiate_joren,370,What's the best part of your day?,1777937530.9274852,1777937531.8001146,872.6286999881268,True,,226
initiate_joren,371,Tell me about yourself.,1777937531.8001401,1777937532.4846919,684.5506000099704,True,,133
initiate_joren,372,What's training like?,1777937532.4847255,1777937533.2897108,804.9848999944516,True,,203
initiate_joren,373,What do you do at St Damson's?,1777937533.289735,1777937533.9083257,618.589100020472,True,,142
initiate_joren,374,How long have you been here?,1777937533.9083693,1777937534.4314463,523.0763999861665,True,,109
initiate_joren,375,Tell me about your village.,1777937534.4314702,1777937535.3517113,920.2403999515809,True,,226
initiate_joren,376,What weapons do you train with?,1777937535.3517358,1777937536.0707402,719.0028000040911,True,,180
initiate_joren,377,What's the daily routine?,1777937536.0707777,1777937536.8218315,751.0532999876887,True,,191
initiate_joren,378,What do the squires think of you?,1777937536.8218555,1777937537.3956647,573.8086000201292,True,,107
initiate_joren,379,Are you nervous about the spring exam?,1777937537.3956895,1777937538.189182,793.4919000254013,True,,189
initiate_joren,380,What's the best part of your day?,1777937538.189209,1777937539.0698373,880.6268000043929,True,,226
initiate_joren,381,Tell me about yourself.,1777937539.0698647,1777937539.8317983,761.9328000000678,True,,185
initiate_joren,382,What's training like?,1777937539.8318276,1777937540.6181924,786.3642000011168,True,,197
initiate_joren,383,What do you do at St Damson's?,1777937540.6182208,1777937541.3377643,719.5422999793664,True,,195
initiate_joren,384,How long have you been here?,1777937541.3378098,1777937541.9938574,656.0465000220574,True,,129
initiate_joren,385,Tell me about your village.,1777937541.9938805,1777937542.6180315,624.1506000515074,True,,120
initiate_joren,386,What weapons do you train with?,1777937542.6180573,1777937543.2444735,626.4154000091366,True,,147
initiate_joren,387,What's the daily routine?,1777937543.244509,1777937543.7758718,531.3613000325859,True,,113
initiate_joren,388,What do the squires think of you?,1777937543.7758975,1777937544.6640017,888.103700010106,True,,239
initiate_joren,389,Are you nervous about the spring exam?,1777937544.6640291,1777937545.3783967,714.3662000307813,True,,156
initiate_joren,390,What's the best part of your day?,1777937545.378511,1777937546.0123746,633.8628999656066,True,,156
initiate_joren,391,Tell me about yourself.,1777937546.0123985,1777937546.9394474,927.0462999702431,True,,240
initiate_joren,392,What's training like?,1777937546.9395113,1777937547.6648283,725.3160999971442,True,,163
initiate_joren,393,What do you do at St Damson's?,1777937547.6648548,1777937548.1848328,519.9773000204004,True,,91
initiate_joren,394,How long have you been here?,1777937548.1848693,1777937549.0178344,832.9631999949925,True,,183
initiate_joren,395,Tell me about your village.,1777937549.0178862,1777937549.681907,664.0201000263914,True,,126
initiate_joren,396,What weapons do you train with?,1777937549.6819334,1777937550.2609024,578.9680000161752,True,,121
initiate_joren,397,What's the daily routine?,1777937550.2609525,1777937550.9877834,726.829799998086,True,,161
initiate_joren,398,What do the squires think of you?,1777937550.9878085,1777937551.844071,856.2617999850772,True,,209
initiate_joren,399,Are you nervous about the spring exam?,1777937551.844101,1777937552.4027748,558.6731000221334,True,,102
initiate_joren,400,What's the best part of your day?,1777937552.4028018,1777937553.0604613,657.65820001252,True,,159
initiate_joren,401,Tell me about yourself.,1777937553.0609994,1777937553.8917787,830.7790000108071,True,,179
initiate_joren,402,What's training like?,1777937553.8918056,1777937554.6377382,745.9319000481628,True,,201
initiate_joren,403,What do you do at St Damson's?,1777937554.6377654,1777937555.2873523,649.5860000140965,True,,151
initiate_joren,404,How long have you been here?,1777937555.2873774,1777937555.9903295,702.9513000161387,True,,172
initiate_joren,405,Tell me about your village.,1777937555.9903584,1777937556.8300748,839.7151000099257,True,,191
initiate_joren,406,What weapons do you train with?,1777937556.8301258,1777937557.597493,767.3663999885321,True,,189
initiate_joren,407,What's the daily routine?,1777937557.5975232,1777937558.415983,818.4589000302367,True,,223
initiate_joren,408,What do the squires think of you?,1777937558.41601,1777937559.2241936,808.1828000140376,True,,209
initiate_joren,409,Are you nervous about the spring exam?,1777937559.224225,1777937559.9104671,686.2415999639779,True,,164
initiate_joren,410,What's the best part of your day?,1777937559.9104924,1777937560.5868554,676.3623000006191,True,,174
initiate_joren,411,Tell me about yourself.,1777937560.5868907,1777937561.4692042,882.3126000352204,True,,222
initiate_joren,412,What's training like?,1777937561.4692357,1777937562.2194095,750.1729000359774,True,,177
initiate_joren,413,What do you do at St Damson's?,1777937562.2194448,1777937562.8247054,605.2597999805585,True,,128
initiate_joren,414,How long have you been here?,1777937562.8247406,1777937563.3948665,570.1252999715507,True,,112
initiate_joren,415,Tell me about your village.,1777937563.3948946,1777937564.1491206,754.2254000436515,True,,151
initiate_joren,416,What weapons do you train with?,1777937564.1491497,1777937564.7473993,598.1201999820769,True,,128
initiate_joren,417,What's the daily routine?,1777937564.747473,1777937565.5743065,826.8328999984078,True,,239
initiate_joren,418,What do the squires think of you?,1777937565.5743346,1777937566.4272137,852.8778000036255,True,,226
initiate_joren,419,Are you nervous about the spring exam?,1777937566.427253,1777937567.0119584,584.704100037925,True,,94
initiate_joren,420,What's the best part of your day?,1777937567.0120006,1777937567.757677,745.6758000189438,True,,176
initiate_joren,421,Tell me about yourself.,1777937567.757701,1777937568.6497455,892.043600033503,True,,220
initiate_joren,422,What's training like?,1777937568.6497948,1777937569.3934376,743.6419000150636,True,,167
initiate_joren,423,What do you do at St Damson's?,1777937569.3934686,1777937570.2025876,809.1182999778539,True,,227
initiate_joren,424,How long have you been here?,1777937570.2026162,1777937570.8091283,606.5108000184409,True,,121
initiate_joren,425,Tell me about your village.,1777937570.809175,1777937571.4577048,648.528499994427,True,,118
initiate_joren,426,What weapons do you train with?,1777937571.4577324,1777937572.1764257,718.6925000278279,True,,173
initiate_joren,427,What's the daily routine?,1777937572.1764612,1777937572.9569085,780.4463999927975,True,,224
initiate_joren,428,What do the squires think of you?,1777937572.9569442,1777937573.5578215,600.8768000174314,True,,118
initiate_joren,429,Are you nervous about the spring exam?,1777937573.5578473,1777937574.1250124,567.1645000111312,True,,87
initiate_joren,430,What's the best part of your day?,1777937574.1250474,1777937575.097375,972.3258999874815,True,,251
initiate_joren,431,Tell me about yourself.,1777937575.0974345,1777937575.9537203,856.2849999871105,True,,170
initiate_joren,432,What's training like?,1777937575.9537518,1777937576.7627528,809.0003000106663,True,,217
initiate_joren,433,What do you do at St Damson's?,1777937576.7627845,1777937577.6400688,877.2826000349596,True,,214
initiate_joren,434,How long have you been here?,1777937577.640101,1777937578.2283816,588.2803000276908,True,,104
initiate_joren,435,Tell me about your village.,1777937578.2284067,1777937578.9539046,725.4971999791451,True,,166
initiate_joren,436,What weapons do you train with?,1777937578.953938,1777937579.6197724,665.8338000415824,True,,136
initiate_joren,437,What's the daily routine?,1777937579.6197965,1777937580.3894897,769.6927999495529,True,,221
initiate_joren,438,What do the squires think of you?,1777937580.3895204,1777937581.2892418,899.7209999943152,True,,238
initiate_joren,439,Are you nervous about the spring exam?,1777937581.2892694,1777937581.8906791,601.408899994567,True,,127
initiate_joren,440,What's the best part of your day?,1777937581.890708,1777937582.6877823,797.0734999980778,True,,219
initiate_joren,441,Tell me about yourself.,1777937582.687816,1777937583.6935606,1005.743799963966,True,,215
initiate_joren,442,What's training like?,1777937583.6935868,1777937584.2283378,534.7500999923795,True,,114
initiate_joren,443,What do you do at St Damson's?,1777937584.2283635,1777937584.9030454,674.6810000040568,True,,155
initiate_joren,444,How long have you been here?,1777937584.9030912,1777937585.403608,500.5160000291653,True,,75
initiate_joren,445,Tell me about your village.,1777937585.4036434,1777937585.9800615,576.4169999747537,True,,109
initiate_joren,446,What weapons do you train with?,1777937585.9802022,1777937586.6916938,711.4891999517567,True,,154
initiate_joren,447,What's the daily routine?,1777937586.691751,1777937587.4237826,732.0306999608874,True,,204
initiate_joren,448,What do the squires think of you?,1777937587.4238243,1777937588.3006132,876.7873999895528,True,,229
initiate_joren,449,Are you nervous about the spring exam?,1777937588.3006577,1777937588.900549,599.8905000160448,True,,137
initiate_joren,450,What's the best part of your day?,1777937588.900575,1777937589.5009358,600.3600000403821,True,,148
initiate_joren,451,Tell me about yourself.,1777937589.5011468,1777937590.1931221,691.9742999598384,True,,140
initiate_joren,452,What's training like?,1777937590.1931474,1777937590.963638,770.4897000221536,True,,195
initiate_joren,453,What do you do at St Damson's?,1777937590.9636772,1777937591.6328437,669.165100029204,True,,144
initiate_joren,454,How long have you been here?,1777937591.632874,1777937592.3334117,700.5369999678805,True,,130
initiate_joren,455,Tell me about your village.,1777937592.3334374,1777937593.1260746,792.6362999714911,True,,186
initiate_joren,456,What weapons do you train with?,1777937593.1261058,1777937593.7272532,601.1460000299849,True,,115
initiate_joren,457,What's the daily routine?,1777937593.7272773,1777937594.5055199,778.2419000286609,True,,197
initiate_joren,458,What do the squires think of you?,1777937594.5055645,1777937595.1957128,690.1477000210434,True,,150
initiate_joren,459,Are you nervous about the spring exam?,1777937595.1957376,1777937595.9202576,724.5194000424817,True,,161
initiate_joren,460,What's the best part of your day?,1777937595.9202862,1777937596.6601965,739.90970000159,True,,167
initiate_joren,461,Tell me about yourself.,1777937596.6602235,1777937597.4871259,826.9015999976546,True,,188
initiate_joren,462,What's training like?,1777937597.4871705,1777937598.164502,677.3303999798372,True,,176
initiate_joren,463,What do you do at St Damson's?,1777937598.1645353,1777937598.7136245,549.0882999729365,True,,103
initiate_joren,464,How long have you been here?,1777937598.7136564,1777937599.2954717,581.8145999801345,True,,112
initiate_joren,465,Tell me about your village.,1777937599.2954967,1777937599.9142826,618.7848999979906,True,,127
initiate_joren,466,What weapons do you train with?,1777937599.914318,1777937600.4733846,559.0655000414699,True,,114
initiate_joren,467,What's the daily routine?,1777937600.4734285,1777937601.2516592,778.2273999764584,True,,194
initiate_joren,468,What do the squires think of you?,1777937601.251731,1777937602.1034253,851.693200005684,True,,202
initiate_joren,469,Are you nervous about the spring exam?,1777937602.1034815,1777937602.8613236,757.840899983421,True,,175
initiate_joren,470,What's the best part of your day?,1777937602.8613503,1777937603.6344051,773.0534000438638,True,,200
initiate_joren,471,Tell me about yourself.,1777937603.634445,1777937604.4316733,797.2270000027493,True,,213
initiate_joren,472,What's training like?,1777937604.4317343,1777937605.3490152,917.2798999934457,True,,245
initiate_joren,473,What do you do at St Damson's?,1777937605.349042,1777937606.1865673,837.5246999785304,True,,190
initiate_joren,474,How long have you been here?,1777937606.1865928,1777937606.9519677,765.3743999544531,True,,187
initiate_joren,475,Tell me about your village.,1777937606.9520009,1777937607.5994966,647.4951999844052,True,,124
initiate_joren,476,What weapons do you train with?,1777937607.5995235,1777937608.4288127,829.2881999514066,True,,207
initiate_joren,477,What's the daily routine?,1777937608.4288468,1777937609.1468985,718.0500999675132,True,,177
initiate_joren,478,What do the squires think of you?,1777937609.146928,1777937609.8760483,729.120000032708,True,,157
initiate_joren,479,Are you nervous about the spring exam?,1777937609.8760774,1777937610.3961859,520.1076999655925,True,,67
initiate_joren,480,What's the best part of your day?,1777937610.396229,1777937611.261891,865.6599000096321,True,,213
initiate_joren,481,Tell me about yourself.,1777937611.261926,1777937612.1506948,888.7677000020631,True,,195
initiate_joren,482,What's training like?,1777937612.150731,1777937612.8784542,727.7227999875322,True,,160
initiate_joren,483,What do you do at St Damson's?,1777937612.8784823,1777937613.4369977,558.5143000353128,True,,113
initiate_joren,484,How long have you been here?,1777937613.437046,1777937614.096857,659.8100000410341,True,,158
initiate_joren,485,Tell me about your village.,1777937614.0968983,1777937614.7946165,697.7177999797277,True,,136
initiate_joren,486,What weapons do you train with?,1777937614.7946455,1777937615.473502,678.8558999542147,True,,126
initiate_joren,487,What's the daily routine?,1777937615.4735322,1777937616.2389183,765.385500038974,True,,193
initiate_joren,488,What do the squires think of you?,1777937616.2389805,1777937616.9743521,735.3707000147551,True,,179
initiate_joren,489,Are you nervous about the spring exam?,1777937616.974406,1777937617.5597138,585.3072999743745,True,,84
initiate_joren,490,What's the best part of your day?,1777937617.5597377,1777937618.454737,894.9983000056818,True,,259
initiate_joren,491,Tell me about yourself.,1777937618.4547663,1777937619.4314528,976.6844999976456,True,,242
initiate_joren,492,What's training like?,1777937619.43149,1777937620.335658,904.1671000304632,True,,237
initiate_joren,493,What do you do at St Damson's?,1777937620.3356874,1777937621.0389173,703.2290999777615,True,,161
initiate_joren,494,How long have you been here?,1777937621.0389476,1777937621.7015083,662.5596999656409,True,,144
initiate_joren,495,Tell me about your village.,1777937621.7015398,1777937622.4990134,797.472900012508,True,,160
initiate_joren,496,What weapons do you train with?,1777937622.4990487,1777937623.2989452,799.8951000045054,True,,207
initiate_joren,497,What's the daily routine?,1777937623.2989798,1777937624.0900338,791.0530000226572,True,,189
initiate_joren,498,What do the squires think of you?,1777937624.0900705,1777937624.7343836,644.3117000162601,True,,130
initiate_joren,499,Are you nervous about the spring exam?,1777937624.7344143,1777937625.3495078,615.092399995774,True,,132
initiate_joren,500,What's the best part of your day?,1777937625.3495574,1777937626.308699,959.1399999917485,True,,228
squire_ren,1,Tell me about yourself.,1777937626.3093123,1777937627.7270155,1417.702000006102,True,,210
squire_ren,2,What's it like training squires?,1777937627.7270555,1777937628.4682436,741.1760000395589,True,,168
squire_ren,3,How are the roads around here?,1777937628.4682891,1777937629.2245264,756.2363999895751,True,,193
squire_ren,4,Tell me about the local fief.,1777937629.2245631,1777937630.126908,902.343199995812,True,,195
squire_ren,5,Who's currently teaching at the institute?,1777937630.1269577,1777937630.7504215,623.4629999962635,True,,142
squire_ren,6,What's the spring exam like?,1777937630.75048,1777937631.538033,787.5515000196174,True,,261
squire_ren,7,Why do you mentor the initiates?,1777937631.5381002,1777937632.261098,722.9966999730095,True,,178
squire_ren,8,How did you come to be at St Damson's?,1777937632.2611275,1777937633.0088117,747.6836999994703,True,,182
squire_ren,9,What's the trouble on the Eastern Road?,1777937633.0088387,1777937633.74319,734.3501999857835,True,,187
squire_ren,10,What can you tell me about the neighbouring lands?,1777937633.7432208,1777937634.5531163,809.8947999533266,True,,207
squire_ren,11,Tell me about yourself.,1777937634.5531652,1777937635.134876,581.7096999962814,True,,120
squire_ren,12,What's it like training squires?,1777937635.1349115,1777937635.8555014,720.5891000339761,True,,168
squire_ren,13,How are the roads around here?,1777937635.855527,1777937636.6440694,788.5410999879241,True,,225
squire_ren,14,Tell me about the local fief.,1777937636.6441016,1777937637.5618463,917.7437999751419,True,,218
squire_ren,15,Who's currently teaching at the institute?,1777937637.5618782,1777937638.3856814,823.8023000303656,True,,197
squire_ren,16,What's the spring exam like?,1777937638.385712,1777937639.3239489,938.2362999604084,True,,237
squire_ren,17,Why do you mentor the initiates?,1777937639.3239815,1777937640.4202356,1096.252400020603,True,,286
squire_ren,18,How did you come to be at St Damson's?,1777937640.4202747,1777937641.3429363,922.6608999888413,True,,258
squire_ren,19,What's the trouble on the Eastern Road?,1777937641.3429673,1777937642.0019758,659.0074000414461,True,,130
squire_ren,20,What can you tell me about the neighbouring lands?,1777937642.0020092,1777937643.15309,1151.0803999844939,True,,302
squire_ren,21,Tell me about yourself.,1777937643.1531272,1777937644.0434988,890.3709000442177,True,,248
squire_ren,22,What's it like training squires?,1777937644.0435407,1777937644.9963932,952.8518000151962,True,,270
squire_ren,23,How are the roads around here?,1777937644.996427,1777937645.8071635,810.7359000132419,True,,221
squire_ren,24,Tell me about the local fief.,1777937645.80719,1777937646.6024368,795.2462000539526,True,,181
squire_ren,25,Who's currently teaching at the institute?,1777937646.6024647,1777937647.5316806,929.2149000102654,True,,261
squire_ren,26,What's the spring exam like?,1777937647.531715,1777937648.5560968,1024.3807000224479,True,,262
squire_ren,27,Why do you mentor the initiates?,1777937648.556149,1777937649.4746368,918.4871999896131,True,,242
squire_ren,28,How did you come to be at St Damson's?,1777937649.474671,1777937650.3913825,916.7109000263736,True,,252
squire_ren,29,What's the trouble on the Eastern Road?,1777937650.3914127,1777937651.0936735,702.2601999924518,True,,177
squire_ren,30,What can you tell me about the neighbouring lands?,1777937651.0936975,1777937652.1454344,1051.7354999901727,True,,327
squire_ren,31,Tell me about yourself.,1777937652.145503,1777937653.0674343,921.9303999561816,True,,263
squire_ren,32,What's it like training squires?,1777937653.0674675,1777937653.829553,762.0835999841802,True,,186
squire_ren,33,How are the roads around here?,1777937653.8296583,1777937654.5867238,757.0642000064254,True,,198
squire_ren,34,Tell me about the local fief.,1777937654.5867515,1777937655.334648,747.895700042136,True,,162
squire_ren,35,Who's currently teaching at the institute?,1777937655.3346772,1777937656.1849291,850.2508999663405,True,,239
squire_ren,36,What's the spring exam like?,1777937656.1849577,1777937657.1688385,983.8788000051863,True,,290
squire_ren,37,Why do you mentor the initiates?,1777937657.1688735,1777937657.9896274,820.7531000371091,True,,204
squire_ren,38,How did you come to be at St Damson's?,1777937657.9896557,1777937658.847235,857.5772999902256,True,,223
squire_ren,39,What's the trouble on the Eastern Road?,1777937658.8473237,1777937659.6078146,760.4902000166476,True,,186
squire_ren,40,What can you tell me about the neighbouring lands?,1777937659.6078413,1777937660.547185,939.3418000545353,True,,231
squire_ren,41,Tell me about yourself.,1777937660.5472283,1777937661.530715,983.4846999729052,True,,268
squire_ren,42,What's it like training squires?,1777937661.5307548,1777937662.5358794,1005.1236999570392,True,,242
squire_ren,43,How are the roads around here?,1777937662.5359094,1777937663.5088727,972.9616999975406,True,,249
squire_ren,44,Tell me about the local fief.,1777937663.5089407,1777937664.6345012,1125.559300009627,True,,304
squire_ren,45,Who's currently teaching at the institute?,1777937664.6345403,1777937665.4789276,844.3860000115819,True,,226
squire_ren,46,What's the spring exam like?,1777937665.4789655,1777937666.5737498,1094.7838999563828,True,,268
squire_ren,47,Why do you mentor the initiates?,1777937666.5737774,1777937667.4537375,879.9582999781705,True,,230
squire_ren,48,How did you come to be at St Damson's?,1777937667.453777,1777937668.1466422,692.8637999808416,True,,149
squire_ren,49,What's the trouble on the Eastern Road?,1777937668.1466916,1777937669.002426,855.7334000361152,True,,244
squire_ren,50,What can you tell me about the neighbouring lands?,1777937669.0024602,1777937670.0417187,1039.2580999759957,True,,280
squire_ren,51,Tell me about yourself.,1777937670.0420368,1777937670.9461558,904.1171999997459,True,,258
squire_ren,52,What's it like training squires?,1777937670.9462318,1777937672.0471158,1100.8828999474645,True,,257
squire_ren,53,How are the roads around here?,1777937672.047145,1777937672.9224093,875.263299967628,True,,241
squire_ren,54,Tell me about the local fief.,1777937672.9224622,1777937674.154321,1231.8577999831177,True,,314
squire_ren,55,Who's currently teaching at the institute?,1777937674.1543558,1777937674.832992,678.6354999640025,True,,153
squire_ren,56,What's the spring exam like?,1777937674.8330276,1777937675.82414,991.1115000140853,True,,274
squire_ren,57,Why do you mentor the initiates?,1777937675.8241818,1777937676.6086214,784.4383000046946,True,,195
squire_ren,58,How did you come to be at St Damson's?,1777937676.6086824,1777937677.4883664,879.6829000348225,True,,228
squire_ren,59,What's the trouble on the Eastern Road?,1777937677.4884007,1777937678.4018862,913.4850000264123,True,,226
squire_ren,60,What can you tell me about the neighbouring lands?,1777937678.4019136,1777937679.3810015,979.085800005123,True,,274
squire_ren,61,Tell me about yourself.,1777937679.381063,1777937680.3704662,989.4026999827474,True,,210
squire_ren,62,What's it like training squires?,1777937680.3704925,1777937681.014445,643.9511999487877,True,,143
squire_ren,63,How are the roads around here?,1777937681.0145388,1777937682.2947688,1280.2292999695055,True,,269
squire_ren,64,Tell me about the local fief.,1777937682.294798,1777937683.183928,889.1289999592118,True,,208
squire_ren,65,Who's currently teaching at the institute?,1777937683.1840014,1777937684.1059465,921.9432000536472,True,,233
squire_ren,66,What's the spring exam like?,1777937684.1059918,1777937685.072037,966.0432999953628,True,,297
squire_ren,67,Why do you mentor the initiates?,1777937685.0720892,1777937685.9761205,904.0301000350155,True,,255
squire_ren,68,How did you come to be at St Damson's?,1777937685.9762194,1777937686.915692,939.4711999921128,True,,225
squire_ren,69,What's the trouble on the Eastern Road?,1777937686.9157228,1777937687.6539648,738.2405999815091,True,,183
squire_ren,70,What can you tell me about the neighbouring lands?,1777937687.6540484,1777937688.6510904,997.0401999889873,True,,274
squire_ren,71,Tell me about yourself.,1777937688.6512077,1777937689.5671618,915.9532000194304,True,,235
squire_ren,72,What's it like training squires?,1777937689.5671916,1777937690.411212,844.0194000140764,True,,257
squire_ren,73,How are the roads around here?,1777937690.4112623,1777937691.306842,895.5779999960214,True,,262
squire_ren,74,Tell me about the local fief.,1777937691.306885,1777937692.362329,1055.443399993237,True,,206
squire_ren,75,Who's currently teaching at the institute?,1777937692.3623614,1777937693.0797656,717.4020000384189,True,,172
squire_ren,76,What's the spring exam like?,1777937693.07982,1777937694.088181,1008.3598999772221,True,,276
squire_ren,77,Why do you mentor the initiates?,1777937694.0882208,1777937694.9992979,911.0754000139423,True,,286
squire_ren,78,How did you come to be at St Damson's?,1777937694.9993546,1777937695.8346562,835.3002000367269,True,,192
squire_ren,79,What's the trouble on the Eastern Road?,1777937695.8346984,1777937696.8154354,980.7365000015125,True,,283
squire_ren,80,What can you tell me about the neighbouring lands?,1777937696.8154635,1777937698.101943,1286.4782999968156,True,,398
squire_ren,81,Tell me about yourself.,1777937698.102022,1777937698.9901593,888.1367999711074,True,,185
squire_ren,82,What's it like training squires?,1777937698.9901848,1777937699.7055054,715.3191000106744,True,,169
squire_ren,83,How are the roads around here?,1777937699.7057147,1777937700.6207192,915.0017999927513,True,,241
squire_ren,84,Tell me about the local fief.,1777937700.6207516,1777937701.1796205,558.8678999920376,True,,97
squire_ren,85,Who's currently teaching at the institute?,1777937701.179663,1777937701.8281682,648.5043999855407,True,,165
squire_ren,86,What's the spring exam like?,1777937701.828223,1777937702.691527,863.3018999826163,True,,228
squire_ren,87,Why do you mentor the initiates?,1777937702.6915696,1777937703.476904,785.3318999987096,True,,176
squire_ren,88,How did you come to be at St Damson's?,1777937703.4770312,1777937705.1095116,1632.4786000186577,True,,231
squire_ren,89,What's the trouble on the Eastern Road?,1777937705.1095755,1777937706.5845253,1474.948699993547,True,,220
squire_ren,90,What can you tell me about the neighbouring lands?,1777937706.584576,1777937707.830997,1246.4194999774918,True,,243
squire_ren,91,Tell me about yourself.,1777937707.8310606,1777937709.0832012,1252.1396999945864,True,,234
squire_ren,92,What's it like training squires?,1777937709.0832398,1777937710.0082276,924.9871000065468,True,,235
squire_ren,93,How are the roads around here?,1777937710.0082633,1777937711.0018408,993.5766999842599,True,,242
squire_ren,94,Tell me about the local fief.,1777937711.001983,1777937712.345498,1343.496400048025,True,,280
squire_ren,95,Who's currently teaching at the institute?,1777937712.3463557,1777937713.6071956,1260.8349000220187,True,,246
squire_ren,96,What's the spring exam like?,1777937713.6072261,1777937714.5738528,966.6258000070229,True,,255
squire_ren,97,Why do you mentor the initiates?,1777937714.573892,1777937715.7509086,1177.015399967786,True,,251
squire_ren,98,How did you come to be at St Damson's?,1777937715.7509532,1777937716.8286479,1077.6928000268526,True,,243
squire_ren,99,What's the trouble on the Eastern Road?,1777937716.8286872,1777937717.7461376,917.4487999989651,True,,212
squire_ren,100,What can you tell me about the neighbouring lands?,1777937717.7462738,1777937719.2090082,1462.7300000283867,True,,297
squire_ren,101,Tell me about yourself.,1777937719.209824,1777937720.3916516,1181.8239000276662,True,,247
squire_ren,102,What's it like training squires?,1777937720.3917308,1777937724.8373985,4445.660700032022,True,,255
squire_ren,103,How are the roads around here?,1777937724.8377388,1777937726.3715007,1533.758300007321,True,,280
squire_ren,104,Tell me about the local fief.,1777937726.3715887,1777937727.6225214,1250.9311999892816,True,,342
squire_ren,105,Who's currently teaching at the institute?,1777937727.6226058,1777937728.7152905,1092.683999973815,True,,238
squire_ren,106,What's the spring exam like?,1777937728.7153168,1777937729.7831337,1067.8164000273682,True,,257
squire_ren,107,Why do you mentor the initiates?,1777937729.7831628,1777937730.6047869,821.6234999708831,True,,220
squire_ren,108,How did you come to be at St Damson's?,1777937730.6048176,1777937731.3685563,763.7376000056975,True,,166
squire_ren,109,What's the trouble on the Eastern Road?,1777937731.3685987,1777937732.064124,695.5244999844581,True,,201
squire_ren,110,What can you tell me about the neighbouring lands?,1777937732.0641522,1777937732.931901,867.7477999590337,True,,232
squire_ren,111,Tell me about yourself.,1777937732.931928,1777937733.7712822,839.353299990762,True,,223
squire_ren,112,What's it like training squires?,1777937733.7713132,1777937734.506894,735.5803999816999,True,,139
squire_ren,113,How are the roads around here?,1777937734.5069215,1777937736.0528827,1545.9604000207037,True,,210
squire_ren,114,Tell me about the local fief.,1777937736.052906,1777937737.318457,1265.549400006421,True,,277
squire_ren,115,Who's currently teaching at the institute?,1777937737.318512,1777937738.3647554,1046.2429000181146,True,,231
squire_ren,116,What's the spring exam like?,1777937738.3647816,1777937739.4481034,1083.320099976845,True,,296
squire_ren,117,Why do you mentor the initiates?,1777937739.4482026,1777937740.7457979,1297.5944000063464,True,,297
squire_ren,118,How did you come to be at St Damson's?,1777937740.7458327,1777937741.5542915,808.4574000095017,True,,157
squire_ren,119,What's the trouble on the Eastern Road?,1777937741.5543747,1777937742.515427,961.050099984277,True,,172
squire_ren,120,What can you tell me about the neighbouring lands?,1777937742.5157685,1777937744.1758807,1660.109199990984,True,,382
squire_ren,121,Tell me about yourself.,1777937744.175932,1777937746.0118976,1835.9643000294454,True,,271
squire_ren,122,What's it like training squires?,1777937746.0119603,1777937747.3024287,1290.4669999843463,True,,262
squire_ren,123,How are the roads around here?,1777937747.302475,1777937748.265434,962.9581000190228,True,,200
squire_ren,124,Tell me about the local fief.,1777937748.2654698,1777937749.965753,1700.2821000060067,True,,242
squire_ren,125,Who's currently teaching at the institute?,1777937749.9658086,1777937750.953379,987.5684999860823,True,,191
squire_ren,126,What's the spring exam like?,1777937750.953445,1777937752.5121984,1558.751199976541,True,,374
squire_ren,127,Why do you mentor the initiates?,1777937752.5123703,1777937754.028376,1516.0037000314333,True,,206
squire_ren,128,How did you come to be at St Damson's?,1777937754.0284405,1777937756.376586,2348.1431000400335,True,,208
squire_ren,129,What's the trouble on the Eastern Road?,1777937756.3766809,1777937758.3897834,2013.100599986501,True,,172
squire_ren,130,What can you tell me about the neighbouring lands?,1777937758.3898509,1777937760.045436,1655.5836999905296,True,,314
squire_ren,131,Tell me about yourself.,1777937760.0456545,1777937761.3654191,1319.7628000052646,True,,242
squire_ren,132,What's it like training squires?,1777937761.365505,1777937762.7609384,1395.4293999704532,True,,262
squire_ren,133,How are the roads around here?,1777937762.7610803,1777937764.2290149,1467.93240000261,True,,274
squire_ren,134,Tell me about the local fief.,1777937764.2290711,1777937765.5106356,1281.5612999838777,True,,161
squire_ren,135,Who's currently teaching at the institute?,1777937765.5107903,1777937767.1618,1651.0076000122353,True,,258
squire_ren,136,What's the spring exam like?,1777937767.1618514,1777937768.6949093,1533.05690002162,True,,282
squire_ren,137,Why do you mentor the initiates?,1777937768.6949556,1777937769.9185138,1223.556799988728,True,,293
squire_ren,138,How did you come to be at St Damson's?,1777937769.9185634,1777937771.1023026,1183.7375999893993,True,,282
squire_ren,139,What's the trouble on the Eastern Road?,1777937771.1023774,1777937773.6850653,2582.685700035654,True,,239
squire_ren,140,What can you tell me about the neighbouring lands?,1777937773.6851292,1777937776.4147127,2729.5794999809004,True,,247
squire_ren,141,Tell me about yourself.,1777937776.4148433,1777937777.7606635,1345.817499968689,True,,241
squire_ren,142,What's it like training squires?,1777937777.760727,1777937780.326495,2565.7620999845676,True,,246
squire_ren,143,How are the roads around here?,1777937780.3268113,1777937782.766153,2439.338799973484,True,,233
squire_ren,144,Tell me about the local fief.,1777937782.766245,1777937784.8034322,2037.1851999661885,True,,243
squire_ren,145,Who's currently teaching at the institute?,1777937784.8037107,1777937785.8407993,1037.0864999713376,True,,191
squire_ren,146,What's the spring exam like?,1777937785.8408477,1777937787.534073,1693.2242999901064,True,,225
squire_ren,147,Why do you mentor the initiates?,1777937787.534109,1777937788.5848422,1050.731299968902,True,,176
squire_ren,148,How did you come to be at St Damson's?,1777937788.5849175,1777937789.7263913,1141.4722999907099,True,,244
squire_ren,149,What's the trouble on the Eastern Road?,1777937789.7264376,1777937790.6882355,961.7967000231147,True,,142
squire_ren,150,What can you tell me about the neighbouring lands?,1777937790.688283,1777937791.610967,922.6830000407062,True,,217
squire_ren,151,Tell me about yourself.,1777937791.6112418,1777937792.3526626,741.4194999728352,True,,133
squire_ren,152,What's it like training squires?,1777937792.3526907,1777937793.213731,861.0389000386931,True,,202
squire_ren,153,How are the roads around here?,1777937793.2137718,1777937794.0602622,846.4886000147089,True,,246
squire_ren,154,Tell me about the local fief.,1777937794.0603333,1777937795.289525,1229.1902000433765,True,,205
squire_ren,155,Who's currently teaching at the institute?,1777937795.2895684,1777937795.9570212,667.4517999636009,True,,156
squire_ren,156,What's the spring exam like?,1777937795.9570496,1777937796.9162369,959.1864000540227,True,,265
squire_ren,157,Why do you mentor the initiates?,1777937796.916277,1777937797.7965484,880.2702000248246,True,,201
squire_ren,158,How did you come to be at St Damson's?,1777937797.7965791,1777937798.8449032,1048.3229999663308,True,,275
squire_ren,159,What's the trouble on the Eastern Road?,1777937798.8449636,1777937800.0327034,1187.7388000139035,True,,327
squire_ren,160,What can you tell me about the neighbouring lands?,1777937800.032743,1777937801.2011588,1168.4149999637157,True,,268
squire_ren,161,Tell me about yourself.,1777937801.2011864,1777937802.0589375,857.7503000269644,True,,237
squire_ren,162,What's it like training squires?,1777937802.058974,1777937803.030383,971.4085999876261,True,,310
squire_ren,163,How are the roads around here?,1777937803.0304153,1777937803.8794875,849.0710000041872,True,,215
squire_ren,164,Tell me about the local fief.,1777937803.879524,1777937804.6972783,817.7534000133164,True,,186
squire_ren,165,Who's currently teaching at the institute?,1777937804.697306,1777937805.5392401,841.9338000239804,True,,244
squire_ren,166,What's the spring exam like?,1777937805.539274,1777937806.4308164,891.5418999968097,True,,247
squire_ren,167,Why do you mentor the initiates?,1777937806.4308474,1777937807.3181465,887.298199988436,True,,251
squire_ren,168,How did you come to be at St Damson's?,1777937807.3181772,1777937808.205464,887.2857000096701,True,,249
squire_ren,169,What's the trouble on the Eastern Road?,1777937808.2054913,1777937808.8502882,644.796300039161,True,,131
squire_ren,170,What can you tell me about the neighbouring lands?,1777937808.8503175,1777937809.9409997,1090.6813999754377,True,,304
squire_ren,171,Tell me about yourself.,1777937809.9410493,1777937810.923437,982.386999996379,True,,257
squire_ren,172,What's it like training squires?,1777937810.923466,1777937812.055903,1132.4364999891259,True,,317
squire_ren,173,How are the roads around here?,1777937812.055929,1777937813.0515032,995.5733000533655,True,,319
squire_ren,174,Tell me about the local fief.,1777937813.0515428,1777937813.8174503,765.9065999905579,True,,172
squire_ren,175,Who's currently teaching at the institute?,1777937813.817478,1777937814.7768152,959.3362999730743,True,,275
squire_ren,176,What's the spring exam like?,1777937814.7768502,1777937815.6185346,841.6831000358798,True,,226
squire_ren,177,Why do you mentor the initiates?,1777937815.6185708,1777937816.2731771,654.60599999642,True,,153
squire_ren,178,How did you come to be at St Damson's?,1777937816.273208,1777937817.2428353,969.6266999817453,True,,258
squire_ren,179,What's the trouble on the Eastern Road?,1777937817.2428615,1777937817.9283967,685.5342999915592,True,,179
squire_ren,180,What can you tell me about the neighbouring lands?,1777937817.928435,1777937819.2426894,1314.2534999642521,True,,377
squire_ren,181,Tell me about yourself.,1777937819.2427263,1777937819.995582,752.8548000263982,True,,136
squire_ren,182,What's it like training squires?,1777937819.9956155,1777937820.9044008,908.7847000337206,True,,298
squire_ren,183,How are the roads around here?,1777937820.9044297,1777937821.665544,761.113699991256,True,,203
squire_ren,184,Tell me about the local fief.,1777937821.6655698,1777937822.2969108,631.3404999673367,True,,145
squire_ren,185,Who's currently teaching at the institute?,1777937822.29694,1777937823.0327203,735.7797000440769,True,,190
squire_ren,186,What's the spring exam like?,1777937823.0327575,1777937824.1027246,1069.9663999839686,True,,326
squire_ren,187,Why do you mentor the initiates?,1777937824.102753,1777937824.9527261,849.9722999986261,True,,239
squire_ren,188,How did you come to be at St Damson's?,1777937824.9527655,1777937825.7973325,844.5663999882527,True,,164
squire_ren,189,What's the trouble on the Eastern Road?,1777937825.797361,1777937826.4835126,686.1507000285201,True,,169
squire_ren,190,What can you tell me about the neighbouring lands?,1777937826.483546,1777937827.5910983,1107.5515000266023,True,,305
squire_ren,191,Tell me about yourself.,1777937827.591129,1777937828.5032153,912.085699965246,True,,216
squire_ren,192,What's it like training squires?,1777937828.50324,1777937829.443381,940.1406000251882,True,,288
squire_ren,193,How are the roads around here?,1777937829.4434063,1777937830.4977431,1054.3363000033423,True,,337
squire_ren,194,Tell me about the local fief.,1777937830.4977756,1777937831.5121908,1014.4140999764204,True,,252
squire_ren,195,Who's currently teaching at the institute?,1777937831.512221,1777937832.6117678,1099.5458000106737,True,,299
squire_ren,196,What's the spring exam like?,1777937832.6118052,1777937833.472571,860.76489998959,True,,248
squire_ren,197,Why do you mentor the initiates?,1777937833.4726052,1777937834.392781,920.174999977462,True,,250
squire_ren,198,How did you come to be at St Damson's?,1777937834.3928175,1777937835.23514,842.3220000113361,True,,185
squire_ren,199,What's the trouble on the Eastern Road?,1777937835.2351713,1777937835.962176,727.0036999834701,True,,169
squire_ren,200,What can you tell me about the neighbouring lands?,1777937835.9622116,1777937836.9392068,976.9943000283092,True,,306
squire_ren,201,Tell me about yourself.,1777937836.939569,1777937837.6408231,701.2531000073068,True,,143
squire_ren,202,What's it like training squires?,1777937837.6408634,1777937838.379384,738.5198999545537,True,,177
squire_ren,203,How are the roads around here?,1777937838.3794124,1777937839.1573243,777.9110999545082,True,,158
squire_ren,204,Tell me about the local fief.,1777937839.1573527,1777937840.1787438,1021.3904999545775,True,,271
squire_ren,205,Who's currently teaching at the institute?,1777937840.178771,1777937840.9180791,739.3076999578625,True,,201
squire_ren,206,What's the spring exam like?,1777937840.9181128,1777937841.8947017,976.5887000248767,True,,293
squire_ren,207,Why do you mentor the initiates?,1777937841.894725,1777937842.4995983,604.8726000008173,True,,150
squire_ren,208,How did you come to be at St Damson's?,1777937842.49963,1777937843.3911047,891.4740000036545,True,,218
squire_ren,209,What's the trouble on the Eastern Road?,1777937843.3911355,1777937844.3399765,948.840300028678,True,,293
squire_ren,210,What can you tell me about the neighbouring lands?,1777937844.3400104,1777937845.3932486,1053.2373000169173,True,,285
squire_ren,211,Tell me about yourself.,1777937845.3932893,1777937846.117558,724.2679999908432,True,,138
squire_ren,212,What's it like training squires?,1777937846.1175885,1777937846.8864985,768.9094000379555,True,,216
squire_ren,213,How are the roads around here?,1777937846.886529,1777937847.7008934,814.3638999899849,True,,212
squire_ren,214,Tell me about the local fief.,1777937847.7009265,1777937848.7115693,1010.6425000121817,True,,231
squire_ren,215,Who's currently teaching at the institute?,1777937848.7115932,1777937849.3675506,655.9563999762759,True,,158
squire_ren,216,What's the spring exam like?,1777937849.367601,1777937850.3338783,966.276699968148,True,,253
squire_ren,217,Why do you mentor the initiates?,1777937850.3339145,1777937851.267841,933.925100020133,True,,249
squire_ren,218,How did you come to be at St Damson's?,1777937851.2678833,1777937852.071925,804.0411000256427,True,,186
squire_ren,219,What's the trouble on the Eastern Road?,1777937852.071953,1777937852.737258,665.3042000252753,True,,142
squire_ren,220,What can you tell me about the neighbouring lands?,1777937852.7372885,1777937853.786527,1049.2378000053577,True,,342
squire_ren,221,Tell me about yourself.,1777937853.786563,1777937854.5742562,787.6926999888383,True,,189
squire_ren,222,What's it like training squires?,1777937854.5742862,1777937855.3382986,764.0114999958314,True,,188
squire_ren,223,How are the roads around here?,1777937855.3383331,1777937856.0626225,724.2886000312865,True,,204
squire_ren,224,Tell me about the local fief.,1777937856.0626507,1777937856.775328,712.676500028465,True,,152
squire_ren,225,Who's currently teaching at the institute?,1777937856.775367,1777937857.628345,852.977100003045,True,,209
squire_ren,226,What's the spring exam like?,1777937857.6283762,1777937858.5261068,897.7300000260584,True,,242
squire_ren,227,Why do you mentor the initiates?,1777937858.5261369,1777937859.3862398,860.1019000052474,True,,262
squire_ren,228,How did you come to be at St Damson's?,1777937859.3862734,1777937860.321491,935.2171000209637,True,,236
squire_ren,229,What's the trouble on the Eastern Road?,1777937860.3215222,1777937861.029317,707.7941999887116,True,,212
squire_ren,230,What can you tell me about the neighbouring lands?,1777937861.0293505,1777937862.2484095,1219.0583000192419,True,,378
squire_ren,231,Tell me about yourself.,1777937862.2484543,1777937863.1204398,871.9845999730751,True,,212
squire_ren,232,What's it like training squires?,1777937863.1204748,1777937864.1144397,993.9641999662854,True,,298
squire_ren,233,How are the roads around here?,1777937864.1144626,1777937865.0073605,892.8972000139765,True,,282
squire_ren,234,Tell me about the local fief.,1777937865.0073895,1777937865.8556244,848.2335000298917,True,,199
squire_ren,235,Who's currently teaching at the institute?,1777937865.8556848,1777937866.769433,913.7473999871872,True,,236
squire_ren,236,What's the spring exam like?,1777937866.7694626,1777937867.7102883,940.8246999955736,True,,262
squire_ren,237,Why do you mentor the initiates?,1777937867.710334,1777937868.6534224,943.087599996943,True,,263
squire_ren,238,How did you come to be at St Damson's?,1777937868.6534564,1777937869.4831262,829.6688999980688,True,,204
squire_ren,239,What's the trouble on the Eastern Road?,1777937869.4831538,1777937870.302744,819.5894999662414,True,,225
squire_ren,240,What can you tell me about the neighbouring lands?,1777937870.30277,1777937871.3856812,1082.910900004208,True,,328
squire_ren,241,Tell me about yourself.,1777937871.385709,1777937871.9596374,573.9280999987386,True,,119
squire_ren,242,What's it like training squires?,1777937871.9596646,1777937872.7298455,770.1801999937743,True,,244
squire_ren,243,How are the roads around here?,1777937872.729872,1777937873.3864057,656.5333000035025,True,,167
squire_ren,244,Tell me about the local fief.,1777937873.3864336,1777937874.239012,852.5777999893762,True,,191
squire_ren,245,Who's currently teaching at the institute?,1777937874.239038,1777937875.107579,868.5402999981306,True,,229
squire_ren,246,What's the spring exam like?,1777937875.1076107,1777937876.0447626,937.1515999664553,True,,304
squire_ren,247,Why do you mentor the initiates?,1777937876.0447981,1777937876.9015265,856.7274999804795,True,,255
squire_ren,248,How did you come to be at St Damson's?,1777937876.901556,1777937877.7575364,855.9795999899507,True,,237
squire_ren,249,What's the trouble on the Eastern Road?,1777937877.7575786,1777937878.6948535,937.2745000291616,True,,185
squire_ren,250,What can you tell me about the neighbouring lands?,1777937878.6948786,1777937879.388133,693.2537999819033,True,,187
squire_ren,251,Tell me about yourself.,1777937879.3883836,1777937880.111509,723.1243000132963,True,,150
squire_ren,252,What's it like training squires?,1777937880.111535,1777937881.028022,916.4860000018962,True,,283
squire_ren,253,How are the roads around here?,1777937881.0280561,1777937882.1144414,1086.384599970188,True,,329
squire_ren,254,Tell me about the local fief.,1777937882.1144779,1777937883.0385792,924.1005000076257,True,,258
squire_ren,255,Who's currently teaching at the institute?,1777937883.0386062,1777937883.9299636,891.3568999851122,True,,233
squire_ren,256,What's the spring exam like?,1777937883.930003,1777937884.9963794,1066.3758000009693,True,,288
squire_ren,257,Why do you mentor the initiates?,1777937884.9964128,1777937885.7068253,710.4119000141509,True,,193
squire_ren,258,How did you come to be at St Damson's?,1777937885.7068574,1777937886.5208144,813.9562999713235,True,,197
squire_ren,259,What's the trouble on the Eastern Road?,1777937886.5208418,1777937887.2191973,698.3548999996856,True,,179
squire_ren,260,What can you tell me about the neighbouring lands?,1777937887.2192318,1777937888.3591208,1139.887599973008,True,,309
squire_ren,261,Tell me about yourself.,1777937888.3591769,1777937889.2017088,842.5298999645747,True,,190
squire_ren,262,What's it like training squires?,1777937889.201758,1777937889.8953643,693.6053999816068,True,,158
squire_ren,263,How are the roads around here?,1777937889.8954062,1777937890.7261853,830.7782000047155,True,,217
squire_ren,264,Tell me about the local fief.,1777937890.7262158,1777937891.53954,813.3231999818236,True,,171
squire_ren,265,Who's currently teaching at the institute?,1777937891.5395632,1777937892.425044,885.479899996426,True,,232
squire_ren,266,What's the spring exam like?,1777937892.4250891,1777937893.4568627,1031.7727000219747,True,,320
squire_ren,267,Why do you mentor the initiates?,1777937893.4568992,1777937894.4405472,983.6470999871381,True,,322
squire_ren,268,How did you come to be at St Damson's?,1777937894.440588,1777937895.5175934,1077.0046999678016,True,,256
squire_ren,269,What's the trouble on the Eastern Road?,1777937895.517622,1777937896.3985822,880.9598999796435,True,,241
squire_ren,270,What can you tell me about the neighbouring lands?,1777937896.398613,1777937897.0950248,696.4112999849021,True,,182
squire_ren,271,Tell me about yourself.,1777937897.0950563,1777937897.7913182,696.261000004597,True,,120
squire_ren,272,What's it like training squires?,1777937897.791354,1777937898.5681481,776.7935000010766,True,,185
squire_ren,273,How are the roads around here?,1777937898.568182,1777937899.4710412,902.8587999637239,True,,254
squire_ren,274,Tell me about the local fief.,1777937899.4710815,1777937900.6180577,1146.9749999814667,True,,289
squire_ren,275,Who's currently teaching at the institute?,1777937900.6180992,1777937901.5605948,942.4944999627769,True,,219
squire_ren,276,What's the spring exam like?,1777937901.5606272,1777937902.3598363,799.2084000143223,True,,232
squire_ren,277,Why do you mentor the initiates?,1777937902.3598714,1777937903.3111444,951.2723999796435,True,,200
squire_ren,278,How did you come to be at St Damson's?,1777937903.3111732,1777937904.1781747,867.0008000335656,True,,221
squire_ren,279,What's the trouble on the Eastern Road?,1777937904.178206,1777937904.8864076,708.201100002043,True,,175
squire_ren,280,What can you tell me about the neighbouring lands?,1777937904.8864415,1777937905.9671974,1080.7551000034437,True,,275
squire_ren,281,Tell me about yourself.,1777937905.9672313,1777937906.8869746,919.7420999989845,True,,237
squire_ren,282,What's it like training squires?,1777937906.8870168,1777937907.9735606,1086.542900011409,True,,304
squire_ren,283,How are the roads around here?,1777937907.973599,1777937908.7590837,785.4842999950051,True,,160
squire_ren,284,Tell me about the local fief.,1777937908.7591133,1777937909.434656,675.5416999803856,True,,143
squire_ren,285,Who's currently teaching at the institute?,1777937909.434693,1777937910.519856,1085.1619999739341,True,,288
squire_ren,286,What's the spring exam like?,1777937910.5198865,1777937911.4326155,912.7282000263222,True,,258
squire_ren,287,Why do you mentor the initiates?,1777937911.4326408,1777937912.194777,762.1353999711573,True,,211
squire_ren,288,How did you come to be at St Damson's?,1777937912.194816,1777937913.0968287,902.0119999768212,True,,216
squire_ren,289,What's the trouble on the Eastern Road?,1777937913.0968633,1777937914.0719988,975.1347999554127,True,,281
squire_ren,290,What can you tell me about the neighbouring lands?,1777937914.072038,1777937915.1003067,1028.267899993807,True,,293
squire_ren,291,Tell me about yourself.,1777937915.1003473,1777937915.7487843,648.4361999901012,True,,117
squire_ren,292,What's it like training squires?,1777937915.7488256,1777937916.6430855,894.2592000239529,True,,195
squire_ren,293,How are the roads around here?,1777937916.6431198,1777937917.5408332,897.712700010743,True,,250
squire_ren,294,Tell me about the local fief.,1777937917.5408676,1777937918.3967593,855.8909999555908,True,,185
squire_ren,295,Who's currently teaching at the institute?,1777937918.396796,1777937919.1283796,731.5829999861307,True,,169
squire_ren,296,What's the spring exam like?,1777937919.1284146,1777937920.0903387,961.9230999960564,True,,249
squire_ren,297,Why do you mentor the initiates?,1777937920.0903745,1777937920.9159026,825.5274000111967,True,,196
squire_ren,298,How did you come to be at St Damson's?,1777937920.915947,1777937921.9983687,1082.4210999999195,True,,247
squire_ren,299,What's the trouble on the Eastern Road?,1777937921.9984024,1777937922.8089247,810.5216000112705,True,,190
squire_ren,300,What can you tell me about the neighbouring lands?,1777937922.8089511,1777937923.9311388,1122.1867999993265,True,,333
squire_ren,301,Tell me about yourself.,1777937923.9314568,1777937924.8698807,938.4224000386894,True,,262
squire_ren,302,What's it like training squires?,1777937924.869914,1777937925.6462634,776.348199986387,True,,198
squire_ren,303,How are the roads around here?,1777937925.6463022,1777937926.8013482,1155.045000021346,True,,249
squire_ren,304,Tell me about the local fief.,1777937926.8013914,1777937927.6687117,867.3198000178672,True,,244
squire_ren,305,Who's currently teaching at the institute?,1777937927.6687448,1777937928.4604073,791.6613999987021,True,,180
squire_ren,306,What's the spring exam like?,1777937928.4604542,1777937929.6000514,1139.5964000257663,True,,336
squire_ren,307,Why do you mentor the initiates?,1777937929.6000838,1777937930.3637474,763.6629000189714,True,,201
squire_ren,308,How did you come to be at St Damson's?,1777937930.3637795,1777937931.2476175,883.8372000027448,True,,239
squire_ren,309,What's the trouble on the Eastern Road?,1777937931.247655,1777937932.0229998,775.3443999681622,True,,164
squire_ren,310,What can you tell me about the neighbouring lands?,1777937932.0230296,1777937932.9171813,894.1512000164948,True,,230
squire_ren,311,Tell me about yourself.,1777937932.917225,1777937933.6250796,707.8538000350818,True,,129
squire_ren,312,What's it like training squires?,1777937933.6251054,1777937934.3917396,766.6332999942824,True,,249
squire_ren,313,How are the roads around here?,1777937934.3917866,1777937935.3353176,943.5305999941193,True,,256
squire_ren,314,Tell me about the local fief.,1777937935.3353438,1777937936.2266793,891.3348999922164,True,,198
squire_ren,315,Who's currently teaching at the institute?,1777937936.2267134,1777937937.2528946,1026.180499990005,True,,269
squire_ren,316,What's the spring exam like?,1777937937.2529194,1777937938.1392298,886.3091000239365,True,,271
squire_ren,317,Why do you mentor the initiates?,1777937938.1392815,1777937939.194733,1055.4505999898538,True,,251
squire_ren,318,How did you come to be at St Damson's?,1777937939.1947641,1777937940.1295526,934.7878999542445,True,,214
squire_ren,319,What's the trouble on the Eastern Road?,1777937940.1295767,1777937940.941437,811.8590000085533,True,,211
squire_ren,320,What can you tell me about the neighbouring lands?,1777937940.941486,1777937941.744624,803.137400012929,True,,199
squire_ren,321,Tell me about yourself.,1777937941.7446604,1777937942.9259145,1181.2535999924876,True,,299
squire_ren,322,What's it like training squires?,1777937942.9259405,1777937943.9474747,1021.5336999972351,True,,335
squire_ren,323,How are the roads around here?,1777937943.9475055,1777937944.711352,763.8459000154398,True,,221
squire_ren,324,Tell me about the local fief.,1777937944.7114093,1777937945.6400435,928.6336000077426,True,,186
squire_ren,325,Who's currently teaching at the institute?,1777937945.6400719,1777937946.4199963,779.9237000290304,True,,193
squire_ren,326,What's the spring exam like?,1777937946.4200253,1777937947.2932253,873.1992999673821,True,,262
squire_ren,327,Why do you mentor the initiates?,1777937947.2932568,1777937948.2588255,965.5677999835461,True,,297
squire_ren,328,How did you come to be at St Damson's?,1777937948.2588573,1777937949.1121857,853.327699995134,True,,228
squire_ren,329,What's the trouble on the Eastern Road?,1777937949.1122148,1777937949.9318793,819.6638000081293,True,,248
squire_ren,330,What can you tell me about the neighbouring lands?,1777937949.9319093,1777937950.7821243,850.2142000361346,True,,221
squire_ren,331,Tell me about yourself.,1777937950.7821517,1777937951.650212,868.0598000064492,True,,243
squire_ren,332,What's it like training squires?,1777937951.6502457,1777937952.522652,872.4054000340402,True,,212
squire_ren,333,How are the roads around here?,1777937952.522688,1777937953.5365224,1013.8335999799892,True,,275
squire_ren,334,Tell me about the local fief.,1777937953.5365517,1777937954.467963,931.4104000222869,True,,239
squire_ren,335,Who's currently teaching at the institute?,1777937954.4680016,1777937955.098053,630.050299980212,True,,151
squire_ren,336,What's the spring exam like?,1777937955.0980854,1777937956.0514233,953.3370999852195,True,,272
squire_ren,337,Why do you mentor the initiates?,1777937956.0514605,1777937956.7422917,690.8301999792457,True,,129
squire_ren,338,How did you come to be at St Damson's?,1777937956.7423332,1777937957.6340144,891.6804000036791,True,,210
squire_ren,339,What's the trouble on the Eastern Road?,1777937957.6340427,1777937958.3645039,730.4602999938652,True,,189
squire_ren,340,What can you tell me about the neighbouring lands?,1777937958.3645418,1777937959.4839773,1119.4345999974757,True,,289
squire_ren,341,Tell me about yourself.,1777937959.4840088,1777937960.245154,761.1444999929518,True,,152
squire_ren,342,What's it like training squires?,1777937960.2451797,1777937961.0536244,808.4441000246443,True,,248
squire_ren,343,How are the roads around here?,1777937961.053659,1777937962.1383808,1084.7212000517175,True,,338
squire_ren,344,Tell me about the local fief.,1777937962.1384127,1777937963.0501204,911.7069999920204,True,,240
squire_ren,345,Who's currently teaching at the institute?,1777937963.0501542,1777937963.8779683,827.8135000145994,True,,257
squire_ren,346,What's the spring exam like?,1777937963.877999,1777937964.7341213,856.1207999591716,True,,248
squire_ren,347,Why do you mentor the initiates?,1777937964.7341528,1777937965.4074998,673.3464999706484,True,,134
squire_ren,348,How did you come to be at St Damson's?,1777937965.4075315,1777937966.2471185,839.5863000187092,True,,236
squire_ren,349,What's the trouble on the Eastern Road?,1777937966.2471497,1777937967.099155,852.003899984993,True,,180
squire_ren,350,What can you tell me about the neighbouring lands?,1777937967.0991976,1777937968.078269,979.0703000035137,True,,254
squire_ren,351,Tell me about yourself.,1777937968.0786724,1777937969.066741,988.0674000014551,True,,268
squire_ren,352,What's it like training squires?,1777937969.0667756,1777937969.8755689,808.7926000007428,True,,200
squire_ren,353,How are the roads around here?,1777937969.8755953,1777937970.7503948,874.798999982886,True,,248
squire_ren,354,Tell me about the local fief.,1777937970.7504296,1777937971.7537906,1003.3604999771342,True,,259
squire_ren,355,Who's currently teaching at the institute?,1777937971.7539754,1777937972.6472077,893.2313999976031,True,,225
squire_ren,356,What's the spring exam like?,1777937972.6472337,1777937973.6420298,994.7954000090249,True,,307
squire_ren,357,Why do you mentor the initiates?,1777937973.6420624,1777937974.5115547,869.4917999673635,True,,267
squire_ren,358,How did you come to be at St Damson's?,1777937974.511581,1777937975.3493557,837.7740000141785,True,,190
squire_ren,359,What's the trouble on the Eastern Road?,1777937975.3493912,1777937976.0501075,700.7151999860071,True,,164
squire_ren,360,What can you tell me about the neighbouring lands?,1777937976.0501444,1777937977.2079005,1157.7551999944262,True,,322
squire_ren,361,Tell me about yourself.,1777937977.207927,1777937977.809512,601.5840999898501,True,,119
squire_ren,362,What's it like training squires?,1777937977.8095465,1777937978.737095,927.5481000076979,True,,252
squire_ren,363,How are the roads around here?,1777937978.7371306,1777937979.6968553,959.7238000133075,True,,230
squire_ren,364,Tell me about the local fief.,1777937979.6968832,1777937980.8073983,1110.5146000045352,True,,326
squire_ren,365,Who's currently teaching at the institute?,1777937980.8074384,1777937981.725669,918.2296000071801,True,,243
squire_ren,366,What's the spring exam like?,1777937981.7257168,1777937982.609706,883.9884000481106,True,,258
squire_ren,367,Why do you mentor the initiates?,1777937982.6097462,1777937983.4844718,874.7245999984443,True,,174
squire_ren,368,How did you come to be at St Damson's?,1777937983.4845252,1777937984.4375598,953.0331999994814,True,,176
squire_ren,369,What's the trouble on the Eastern Road?,1777937984.4376209,1777937985.6669984,1229.3759000021964,True,,236
squire_ren,370,What can you tell me about the neighbouring lands?,1777937985.6670556,1777937986.6937234,1026.6671000281349,True,,178
squire_ren,371,Tell me about yourself.,1777937986.6937523,1777937987.5003397,806.5864000236616,True,,197
squire_ren,372,What's it like training squires?,1777937987.5003815,1777937988.4872172,986.8349999887869,True,,218
squire_ren,373,How are the roads around here?,1777937988.487246,1777937989.4057307,918.4838000219315,True,,269
squire_ren,374,Tell me about the local fief.,1777937989.4057686,1777937990.1909509,785.1818999624811,True,,170
squire_ren,375,Who's currently teaching at the institute?,1777937990.1909747,1777937990.916041,725.0649000052363,True,,210
squire_ren,376,What's the spring exam like?,1777937990.9160864,1777937992.0851762,1169.089199975133,True,,283
squire_ren,377,Why do you mentor the initiates?,1777937992.0852041,1777937992.7410638,655.8587999898009,True,,150
squire_ren,378,How did you come to be at St Damson's?,1777937992.7411082,1777937993.721911,980.8019999763928,True,,265
squire_ren,379,What's the trouble on the Eastern Road?,1777937993.7219484,1777937994.6318452,909.8962999996729,True,,203
squire_ren,380,What can you tell me about the neighbouring lands?,1777937994.6318696,1777937995.6148093,982.9385000048205,True,,281
squire_ren,381,Tell me about yourself.,1777937995.6148615,1777937996.570564,955.7015000027604,True,,240
squire_ren,382,What's it like training squires?,1777937996.5705984,1777937997.415118,844.5191000355408,True,,233
squire_ren,383,How are the roads around here?,1777937997.415144,1777937998.346513,931.368499994278,True,,268
squire_ren,384,Tell me about the local fief.,1777937998.3465388,1777937999.5621972,1215.6578000285663,True,,375
squire_ren,385,Who's currently teaching at the institute?,1777937999.5622342,1777938000.269634,707.3991999495775,True,,197
squire_ren,386,What's the spring exam like?,1777938000.2696652,1777938001.3278115,1058.1457000225782,True,,322
squire_ren,387,Why do you mentor the initiates?,1777938001.3278377,1777938002.0082037,680.3654000395909,True,,168
squire_ren,388,How did you come to be at St Damson's?,1777938002.0082374,1777938002.9382815,930.0434000324458,True,,224
squire_ren,389,What's the trouble on the Eastern Road?,1777938002.938329,1777938003.8351512,896.8216000357643,True,,264
squire_ren,390,What can you tell me about the neighbouring lands?,1777938003.8351812,1777938004.8019297,966.7478000046685,True,,276
squire_ren,391,Tell me about yourself.,1777938004.801963,1777938005.4778798,675.9163000388071,True,,124
squire_ren,392,What's it like training squires?,1777938005.4779115,1777938006.245825,767.9131000186317,True,,195
squire_ren,393,How are the roads around here?,1777938006.245856,1777938006.9885967,742.740000016056,True,,203
squire_ren,394,Tell me about the local fief.,1777938006.9886277,1777938008.0566409,1068.012399948202,True,,275
squire_ren,395,Who's currently teaching at the institute?,1777938008.0566723,1777938008.7936978,737.0247000362724,True,,202
squire_ren,396,What's the spring exam like?,1777938008.7937295,1777938009.9012365,1107.5064000324346,True,,241
squire_ren,397,Why do you mentor the initiates?,1777938009.9012659,1777938010.6556177,754.3512000120245,True,,189
squire_ren,398,How did you come to be at St Damson's?,1777938010.655655,1777938011.4339259,778.2701999531128,True,,156
squire_ren,399,What's the trouble on the Eastern Road?,1777938011.4339557,1777938012.2851295,851.1728999437764,True,,231
squire_ren,400,What can you tell me about the neighbouring lands?,1777938012.285164,1777938013.550155,1264.9899999960326,True,,373
squire_ren,401,Tell me about yourself.,1777938013.550352,1777938014.620775,1070.4221000196412,True,,294
squire_ren,402,What's it like training squires?,1777938014.6208076,1777938015.4485278,827.7193999965675,True,,237
squire_ren,403,How are the roads around here?,1777938015.4485605,1777938016.2724614,823.9001000183634,True,,212
squire_ren,404,Tell me about the local fief.,1777938016.2724857,1777938017.1120117,839.5249000168405,True,,205
squire_ren,405,Who's currently teaching at the institute?,1777938017.112074,1777938018.5519526,1439.8777000023983,True,,222
squire_ren,406,What's the spring exam like?,1777938018.5519872,1777938019.424484,872.4960000254214,True,,251
squire_ren,407,Why do you mentor the initiates?,1777938019.4245162,1777938020.2995145,874.9980000429787,True,,246
squire_ren,408,How did you come to be at St Damson's?,1777938020.299542,1777938020.9853997,685.8571000047959,True,,165
squire_ren,409,What's the trouble on the Eastern Road?,1777938020.9854324,1777938021.8333132,847.8799999575131,True,,193
squire_ren,410,What can you tell me about the neighbouring lands?,1777938021.833345,1777938022.753507,920.1611999887973,True,,235
squire_ren,411,Tell me about yourself.,1777938022.753542,1777938023.7988045,1045.261700055562,True,,293
squire_ren,412,What's it like training squires?,1777938023.7988572,1777938024.6683664,869.507999974303,True,,292
squire_ren,413,How are the roads around here?,1777938024.6683998,1777938025.6922593,1023.8578999997117,True,,278
squire_ren,414,Tell me about the local fief.,1777938025.692315,1777938026.64211,949.7939000139013,True,,252
squire_ren,415,Who's currently teaching at the institute?,1777938026.6421533,1777938027.5334318,891.2776000215672,True,,198
squire_ren,416,What's the spring exam like?,1777938027.5334651,1777938028.4841268,950.661199982278,True,,295
squire_ren,417,Why do you mentor the initiates?,1777938028.4841552,1777938029.352705,868.5489999479614,True,,251
squire_ren,418,How did you come to be at St Damson's?,1777938029.3527439,1777938030.2112007,858.4559000446461,True,,167
squire_ren,419,What's the trouble on the Eastern Road?,1777938030.211234,1777938031.1478853,936.6507999948226,True,,251
squire_ren,420,What can you tell me about the neighbouring lands?,1777938031.147918,1777938032.2846909,1136.7720999987796,True,,299
squire_ren,421,Tell me about yourself.,1777938032.2847164,1777938033.1562555,871.5383000089787,True,,234
squire_ren,422,What's it like training squires?,1777938033.1562986,1777938034.111304,955.0041000475176,True,,257
squire_ren,423,How are the roads around here?,1777938034.1113424,1777938034.8019817,690.6385000329465,True,,187
squire_ren,424,Tell me about the local fief.,1777938034.8020108,1777938035.859709,1057.6961999759078,True,,208
squire_ren,425,Who's currently teaching at the institute?,1777938035.8597765,1777938037.0265021,1166.7245000135154,True,,211
squire_ren,426,What's the spring exam like?,1777938037.0265472,1777938038.2144241,1187.875300005544,True,,274
squire_ren,427,Why do you mentor the initiates?,1777938038.214493,1777938039.1402786,925.7846999680623,True,,199
squire_ren,428,How did you come to be at St Damson's?,1777938039.1403117,1777938040.2319143,1091.6021000011824,True,,244
squire_ren,429,What's the trouble on the Eastern Road?,1777938040.2319381,1777938040.889618,657.6791999978013,True,,176
squire_ren,430,What can you tell me about the neighbouring lands?,1777938040.889649,1777938041.7892401,899.5900999871083,True,,233
squire_ren,431,Tell me about yourself.,1777938041.7892737,1777938042.631751,842.4763000220992,True,,214
squire_ren,432,What's it like training squires?,1777938042.6317902,1777938043.699796,1068.0047999485396,True,,326
squire_ren,433,How are the roads around here?,1777938043.6998472,1777938044.5857494,885.9013000037521,True,,217
squire_ren,434,Tell me about the local fief.,1777938044.5857885,1777938045.396875,811.0859000007622,True,,169
squire_ren,435,Who's currently teaching at the institute?,1777938045.3969026,1777938046.2726688,875.7657999522053,True,,235
squire_ren,436,What's the spring exam like?,1777938046.2726963,1777938047.066145,793.4478999814019,True,,212
squire_ren,437,Why do you mentor the initiates?,1777938047.0661783,1777938047.9767766,910.5977999861352,True,,243
squire_ren,438,How did you come to be at St Damson's?,1777938047.9768066,1777938048.7213557,744.5484999916516,True,,168
squire_ren,439,What's the trouble on the Eastern Road?,1777938048.7213857,1777938049.5052881,783.9015999925323,True,,216
squire_ren,440,What can you tell me about the neighbouring lands?,1777938049.5053246,1777938050.5150042,1009.6789000090212,True,,232
squire_ren,441,Tell me about yourself.,1777938050.5150297,1777938051.3502645,835.2335999952629,True,,218
squire_ren,442,What's it like training squires?,1777938051.3502998,1777938052.1094615,759.1609000228345,True,,235
squire_ren,443,How are the roads around here?,1777938052.1094975,1777938052.969265,859.7665000124834,True,,227
squire_ren,444,Tell me about the local fief.,1777938052.9693108,1777938053.9623134,993.0015000281855,True,,249
squire_ren,445,Who's currently teaching at the institute?,1777938053.9623604,1777938054.8157136,853.3528000116348,True,,190
squire_ren,446,What's the spring exam like?,1777938054.8157399,1777938055.680277,864.5358000067063,True,,221
squire_ren,447,Why do you mentor the initiates?,1777938055.6803446,1777938056.4248576,744.5120000047609,True,,129
squire_ren,448,How did you come to be at St Damson's?,1777938056.424881,1777938057.159042,734.1585999820381,True,,181
squire_ren,449,What's the trouble on the Eastern Road?,1777938057.1591074,1777938057.8412602,682.1521000238135,True,,174
squire_ren,450,What can you tell me about the neighbouring lands?,1777938057.8412948,1777938058.8480265,1006.7310999729671,True,,217
squire_ren,451,Tell me about yourself.,1777938058.8484192,1777938059.6639755,815.5550999799743,True,,213
squire_ren,452,What's it like training squires?,1777938059.6640093,1777938060.596398,932.3881000163965,True,,255
squire_ren,453,How are the roads around here?,1777938060.5964413,1777938061.5860355,989.5933999796398,True,,284
squire_ren,454,Tell me about the local fief.,1777938061.5860696,1777938062.442808,856.7375999991782,True,,213
squire_ren,455,Who's currently teaching at the institute?,1777938062.4428372,1777938063.3431406,900.3024999983609,True,,261
squire_ren,456,What's the spring exam like?,1777938063.343176,1777938064.5024233,1159.2466000001878,True,,319
squire_ren,457,Why do you mentor the initiates?,1777938064.5024555,1777938065.3666217,864.1652999795042,True,,256
squire_ren,458,How did you come to be at St Damson's?,1777938065.3666644,1777938066.1867669,820.1015000231564,True,,190
squire_ren,459,What's the trouble on the Eastern Road?,1777938066.1867943,1777938066.9027655,715.9706000238657,True,,196
squire_ren,460,What can you tell me about the neighbouring lands?,1777938066.9027953,1777938067.806392,903.5960999899544,True,,246
squire_ren,461,Tell me about yourself.,1777938067.806424,1777938068.4605045,654.0800000075251,True,,134
squire_ren,462,What's it like training squires?,1777938068.460538,1777938069.3991983,938.659799983725,True,,259
squire_ren,463,How are the roads around here?,1777938069.3992352,1777938070.1418197,742.5832000444643,True,,178
squire_ren,464,Tell me about the local fief.,1777938070.1418705,1777938071.2602732,1118.4015999897383,True,,265
squire_ren,465,Who's currently teaching at the institute?,1777938071.2603102,1777938072.1811736,920.8624000311829,True,,252
squire_ren,466,What's the spring exam like?,1777938072.181211,1777938073.1657455,984.5335999852978,True,,304
squire_ren,467,Why do you mentor the initiates?,1777938073.1657786,1777938074.0887766,922.9969000443816,True,,244
squire_ren,468,How did you come to be at St Damson's?,1777938074.0888178,1777938075.0603054,971.4870000025257,True,,237
squire_ren,469,What's the trouble on the Eastern Road?,1777938075.0603352,1777938075.7000844,639.748600020539,True,,165
squire_ren,470,What can you tell me about the neighbouring lands?,1777938075.700119,1777938076.844227,1144.1073000314645,True,,325
squire_ren,471,Tell me about yourself.,1777938076.8442585,1777938077.8100858,965.8266000333242,True,,243
squire_ren,472,What's it like training squires?,1777938077.8101177,1777938078.7636943,953.5759000573307,True,,267
squire_ren,473,How are the roads around here?,1777938078.7637258,1777938079.8431997,1079.4655000208877,True,,238
squire_ren,474,Tell me about the local fief.,1777938079.8437922,1777938081.7649932,1921.1959000094794,True,,227
squire_ren,475,Who's currently teaching at the institute?,1777938081.7651446,1777938083.4945903,1729.4436999945901,True,,265
squire_ren,476,What's the spring exam like?,1777938083.494658,1777938084.4180534,923.3936999808066,True,,169
squire_ren,477,Why do you mentor the initiates?,1777938084.4180996,1777938085.41392,995.8187000011094,True,,206
squire_ren,478,How did you come to be at St Damson's?,1777938085.4139922,1777938086.3165011,902.5082000298426,True,,195
squire_ren,479,What's the trouble on the Eastern Road?,1777938086.3165371,1777938087.1706119,854.0739999734797,True,,230
squire_ren,480,What can you tell me about the neighbouring lands?,1777938087.1706705,1777938088.442365,1271.6932000475936,True,,227
squire_ren,481,Tell me about yourself.,1777938088.4423952,1777938089.450301,1007.90440000128,True,,267
squire_ren,482,What's it like training squires?,1777938089.4503646,1777938090.9877882,1537.4227999709547,True,,297
squire_ren,483,How are the roads around here?,1777938090.9878252,1777938091.6758945,688.068600022234,True,,157
squire_ren,484,Tell me about the local fief.,1777938091.6759295,1777938092.7981906,1122.2603000351228,True,,246
squire_ren,485,Who's currently teaching at the institute?,1777938092.798216,1777938093.5594378,761.2208000500686,True,,199
squire_ren,486,What's the spring exam like?,1777938093.5594707,1777938094.4179552,858.4838000242598,True,,268
squire_ren,487,Why do you mentor the initiates?,1777938094.4179842,1777938095.132528,714.5431999815628,True,,198
squire_ren,488,How did you come to be at St Damson's?,1777938095.132564,1777938095.9825401,849.974500015378,True,,203
squire_ren,489,What's the trouble on the Eastern Road?,1777938095.982593,1777938097.2769666,1294.3726999801584,True,,177
squire_ren,490,What can you tell me about the neighbouring lands?,1777938097.2769961,1777938098.2357528,958.7559000356123,True,,245
squire_ren,491,Tell me about yourself.,1777938098.2357962,1777938099.303541,1067.7436999976635,True,,241
squire_ren,492,What's it like training squires?,1777938099.3035827,1777938099.9767835,673.2003000215627,True,,151
squire_ren,493,How are the roads around here?,1777938099.9768128,1777938100.8204794,843.6663000029512,True,,264
squire_ren,494,Tell me about the local fief.,1777938100.8205085,1777938101.4959702,675.4613000084646,True,,155
squire_ren,495,Who's currently teaching at the institute?,1777938101.496001,1777938102.2641308,768.129299976863,True,,191
squire_ren,496,What's the spring exam like?,1777938102.264175,1777938103.4640079,1199.8314999509603,True,,320
squire_ren,497,Why do you mentor the initiates?,1777938103.4640489,1777938104.4445727,980.5215999949723,True,,230
squire_ren,498,How did you come to be at St Damson's?,1777938104.4446733,1777938105.6967824,1252.107500040438,True,,208
squire_ren,499,What's the trouble on the Eastern Road?,1777938105.6968274,1777938106.683518,986.6896999883465,True,,215
squire_ren,500,What can you tell me about the neighbouring lands?,1777938106.6835597,1777938107.9086833,1225.1225000363775,True,,303
knight_instructor_marek,1,Tell me about yourself.,1777938107.9093883,1777938109.7497146,1840.3236999874935,True,,297
knight_instructor_marek,2,What was your campaign service?,1777938109.7498302,1777938110.656338,906.50669997558,True,,169
knight_instructor_marek,3,Tell me about the Knight-Commander.,1777938110.6563694,1777938111.4611347,804.7645000042394,True,,216
knight_instructor_marek,4,What was the Conclave of Stormhold?,1777938111.4611707,1777938112.3925054,931.3332000165246,True,,197
knight_instructor_marek,5,How do the orders relate to the Crown?,1777938112.3925984,1777938113.409132,1016.5328999864869,True,,179
knight_instructor_marek,6,What's the curriculum like?,1777938113.4091644,1777938114.2253082,816.1429999745451,True,,227
knight_instructor_marek,7,Tell me about the caravan attacks.,1777938114.2253425,1777938115.0135221,788.1788000231609,True,,195
knight_instructor_marek,8,Who is currently in residence?,1777938115.013557,1777938115.8971758,883.6177000193857,True,,219
knight_instructor_marek,9,Why did you become an instructor?,1777938115.8972082,1777938116.8092642,912.055499968119,True,,241
knight_instructor_marek,10,What is the relationship between the three orders?,1777938116.8092878,1777938117.7869346,977.6462999871001,True,,324
knight_instructor_marek,11,Tell me about yourself.,1777938117.786963,1777938118.6743386,887.374899990391,True,,237
knight_instructor_marek,12,What was your campaign service?,1777938118.6743689,1777938119.0936673,419.29769999114797,True,,70
knight_instructor_marek,13,Tell me about the Knight-Commander.,1777938119.0936909,1777938119.699292,605.6002999539487,True,,131
knight_instructor_marek,14,What was the Conclave of Stormhold?,1777938119.6993546,1777938120.7435808,1044.2255000234582,True,,254
knight_instructor_marek,15,How do the orders relate to the Crown?,1777938120.7436092,1777938121.821881,1078.2715000095777,True,,315
knight_instructor_marek,16,What's the curriculum like?,1777938121.8219078,1777938122.6932669,871.3583000353537,True,,263
knight_instructor_marek,17,Tell me about the caravan attacks.,1777938122.6933134,1777938123.605379,912.0645000366494,True,,253
knight_instructor_marek,18,Who is currently in residence?,1777938123.6054282,1777938124.787509,1182.078999991063,True,,202
knight_instructor_marek,19,Why did you become an instructor?,1777938124.7875853,1777938125.730658,943.0717999930494,True,,224
knight_instructor_marek,20,What is the relationship between the three orders?,1777938125.7306914,1777938126.7331314,1002.439100004267,True,,285
knight_instructor_marek,21,Tell me about yourself.,1777938126.7331762,1777938127.7708032,1037.6265000086278,True,,255
knight_instructor_marek,22,What was your campaign service?,1777938127.7708302,1777938128.3833554,612.5241999980062,True,,131
knight_instructor_marek,23,Tell me about the Knight-Commander.,1777938128.3834078,1777938129.5254872,1142.0778000028804,True,,264
knight_instructor_marek,24,What was the Conclave of Stormhold?,1777938129.5255697,1777938130.5937319,1068.1611999752931,True,,188
knight_instructor_marek,25,How do the orders relate to the Crown?,1777938130.5937667,1777938131.618816,1025.0440999516286,True,,262
knight_instructor_marek,26,What's the curriculum like?,1777938131.619025,1777938132.7494738,1130.4470000322908,True,,250
knight_instructor_marek,27,Tell me about the caravan attacks.,1777938132.749506,1777938133.7091825,959.6745000453666,True,,275
knight_instructor_marek,28,Who is currently in residence?,1777938133.7092614,1777938134.726889,1017.6262999884784,True,,172
knight_instructor_marek,29,Why did you become an instructor?,1777938134.7269526,1777938135.7515504,1024.5965999783948,True,,237
knight_instructor_marek,30,What is the relationship between the three orders?,1777938135.751589,1777938136.9474995,1195.9089000010863,True,,339
knight_instructor_marek,31,Tell me about yourself.,1777938136.947554,1777938137.7950168,847.4615999730304,True,,199
knight_instructor_marek,32,What was your campaign service?,1777938137.7950542,1777938138.525427,730.3723000222817,True,,176
knight_instructor_marek,33,Tell me about the Knight-Commander.,1777938138.525473,1777938139.3177783,792.3044999479316,True,,201
knight_instructor_marek,34,What was the Conclave of Stormhold?,1777938139.3178055,1777938140.0947483,776.9414999638684,True,,178
knight_instructor_marek,35,How do the orders relate to the Crown?,1777938140.0947883,1777938141.0197923,925.0034000142477,True,,261
knight_instructor_marek,36,What's the curriculum like?,1777938141.0198395,1777938142.953978,1934.137699950952,True,,262
knight_instructor_marek,37,Tell me about the caravan attacks.,1777938142.9540126,1777938144.0712218,1117.2079999814741,True,,321
knight_instructor_marek,38,Who is currently in residence?,1777938144.0713015,1777938145.7581367,1686.8340000510216,True,,332
knight_instructor_marek,39,Why did you become an instructor?,1777938145.7581942,1777938147.1046214,1346.42580000218,True,,350
knight_instructor_marek,40,What is the relationship between the three orders?,1777938147.1046798,1777938148.3816915,1277.0103000220843,True,,200
knight_instructor_marek,41,Tell me about yourself.,1777938148.3817468,1777938149.4617755,1080.0273999921046,True,,201
knight_instructor_marek,42,What was your campaign service?,1777938149.4618504,1777938150.4559157,994.0642000292428,True,,174
knight_instructor_marek,43,Tell me about the Knight-Commander.,1777938150.4559562,1777938151.5114343,1055.4770000162534,True,,293
knight_instructor_marek,44,What was the Conclave of Stormhold?,1777938151.5114815,1777938152.4988716,987.3887000139803,True,,188
knight_instructor_marek,45,How do the orders relate to the Crown?,1777938152.4989128,1777938153.340668,841.7540999944322,True,,223
knight_instructor_marek,46,What's the curriculum like?,1777938153.340706,1777938154.1487703,808.0631999764591,True,,212
knight_instructor_marek,47,Tell me about the caravan attacks.,1777938154.148812,1777938154.896545,747.7320000180043,True,,164
knight_instructor_marek,48,Who is currently in residence?,1777938154.8965821,1777938155.7102702,813.6869999580085,True,,190
knight_instructor_marek,49,Why did you become an instructor?,1777938155.710326,1777938156.7804375,1070.11039997451,True,,258
knight_instructor_marek,50,What is the relationship between the three orders?,1777938156.780488,1777938158.0920386,1311.549699981697,True,,367
knight_instructor_marek,51,Tell me about yourself.,1777938158.0921814,1777938158.9371364,844.9539000284858,True,,188
knight_instructor_marek,52,What was your campaign service?,1777938158.93718,1777938160.0279446,1090.7634999603033,True,,218
knight_instructor_marek,53,Tell me about the Knight-Commander.,1777938160.0279877,1777938160.9800823,952.0935000036843,True,,219
knight_instructor_marek,54,What was the Conclave of Stormhold?,1777938160.9801223,1777938161.7890723,808.9491000282578,True,,161
knight_instructor_marek,55,How do the orders relate to the Crown?,1777938161.789111,1777938162.9089816,1119.8697999934666,True,,305
knight_instructor_marek,56,What's the curriculum like?,1777938162.90903,1777938163.9235675,1014.5369000383653,True,,266
knight_instructor_marek,57,Tell me about the caravan attacks.,1777938163.9236004,1777938164.9250224,1001.4212999958545,True,,279
knight_instructor_marek,58,Who is currently in residence?,1777938164.9250693,1777938165.8543825,929.3120999936946,True,,178
knight_instructor_marek,59,Why did you become an instructor?,1777938165.8544326,1777938166.8148878,960.4542000452057,True,,201
knight_instructor_marek,60,What is the relationship between the three orders?,1777938166.814929,1777938167.789596,974.6659999946132,True,,244
knight_instructor_marek,61,Tell me about yourself.,1777938167.789634,1777938168.9033089,1113.6737000197172,True,,322
knight_instructor_marek,62,What was your campaign service?,1777938168.90335,1777938169.6699479,766.5971000096761,True,,148
knight_instructor_marek,63,Tell me about the Knight-Commander.,1777938169.669988,1777938170.5778973,907.9082999960519,True,,193
knight_instructor_marek,64,What was the Conclave of Stormhold?,1777938170.577953,1777938172.036874,1458.9197000022978,True,,174
knight_instructor_marek,65,How do the orders relate to the Crown?,1777938172.0369303,1777938173.07861,1041.6785000124946,True,,245
knight_instructor_marek,66,What's the curriculum like?,1777938173.0786462,1777938173.9969065,918.2586999959312,True,,241
knight_instructor_marek,67,Tell me about the caravan attacks.,1777938173.9969544,1777938174.849691,852.735800028313,True,,191
knight_instructor_marek,68,Who is currently in residence?,1777938174.849725,1777938175.834562,984.8366000223905,True,,293
knight_instructor_marek,69,Why did you become an instructor?,1777938175.8346202,1777938176.6921816,857.5605000369251,True,,203
knight_instructor_marek,70,What is the relationship between the three orders?,1777938176.6922355,1777938177.9208443,1228.6077000317164,True,,299
knight_instructor_marek,71,Tell me about yourself.,1777938177.9208832,1777938178.9066112,985.7272999943234,True,,234
knight_instructor_marek,72,What was your campaign service?,1777938178.9066458,1777938179.727373,820.7263000076637,True,,193
knight_instructor_marek,73,Tell me about the Knight-Commander.,1777938179.7274144,1777938180.7406418,1013.2268000161275,True,,221
knight_instructor_marek,74,What was the Conclave of Stormhold?,1777938180.7406757,1777938181.5353112,794.6347999968566,True,,212
knight_instructor_marek,75,How do the orders relate to the Crown?,1777938181.5353453,1777938182.586132,1050.785800034646,True,,277
knight_instructor_marek,76,What's the curriculum like?,1777938182.5861723,1777938183.655768,1069.5945000043139,True,,220
knight_instructor_marek,77,Tell me about the caravan attacks.,1777938183.6558123,1777938184.786546,1130.732799996622,True,,259
knight_instructor_marek,78,Who is currently in residence?,1777938184.7865844,1777938185.840558,1053.9729000302032,True,,277
knight_instructor_marek,79,Why did you become an instructor?,1777938185.8406022,1777938187.0487833,1208.180099958554,True,,270
knight_instructor_marek,80,What is the relationship between the three orders?,1777938187.0488544,1777938188.8589115,1810.056500020437,True,,393
knight_instructor_marek,81,Tell me about yourself.,1777938188.858958,1777938189.941632,1082.6726999948733,True,,298
knight_instructor_marek,82,What was your campaign service?,1777938189.9416873,1777938191.2401083,1298.419600003399,True,,172
knight_instructor_marek,83,Tell me about the Knight-Commander.,1777938191.2401843,1777938192.2425442,1002.3586999741383,True,,199
knight_instructor_marek,84,What was the Conclave of Stormhold?,1777938192.2425852,1777938193.1935139,950.9280999773182,True,,226
knight_instructor_marek,85,How do the orders relate to the Crown?,1777938193.193551,1777938194.132117,938.5644000140019,True,,204
knight_instructor_marek,86,What's the curriculum like?,1777938194.1321676,1777938195.4225125,1290.3439000365324,True,,343
knight_instructor_marek,87,Tell me about the caravan attacks.,1777938195.422547,1777938196.1281662,705.6180000072345,True,,193
knight_instructor_marek,88,Who is currently in residence?,1777938196.1282074,1777938197.0683575,940.1495000347495,True,,208
knight_instructor_marek,89,Why did you become an instructor?,1777938197.0684047,1777938197.9334075,865.00160000287,True,,159
knight_instructor_marek,90,What is the relationship between the three orders?,1777938197.933457,1777938199.148687,1215.2283999603242,True,,323
knight_instructor_marek,91,Tell me about yourself.,1777938199.1487658,1777938200.4650962,1316.328999993857,True,,312
knight_instructor_marek,92,What was your campaign service?,1777938200.465142,1777938201.5171082,1051.9652999937534,True,,239
knight_instructor_marek,93,Tell me about the Knight-Commander.,1777938201.5171676,1777938202.3852682,868.0996000184678,True,,129
knight_instructor_marek,94,What was the Conclave of Stormhold?,1777938202.3853126,1777938203.1753807,790.0674999691546,True,,142
knight_instructor_marek,95,How do the orders relate to the Crown?,1777938203.1754296,1777938204.1970184,1021.5878000017256,True,,272
knight_instructor_marek,96,What's the curriculum like?,1777938204.1970556,1777938205.1868737,989.8167999926955,True,,261
knight_instructor_marek,97,Tell me about the caravan attacks.,1777938205.1869166,1777938206.3322222,1145.304900011979,True,,308
knight_instructor_marek,98,Who is currently in residence?,1777938206.3322628,1777938207.1727698,840.5062999809161,True,,179
knight_instructor_marek,99,Why did you become an instructor?,1777938207.172811,1777938208.1952262,1022.4145000101998,True,,252
knight_instructor_marek,100,What is the relationship between the three orders?,1777938208.1952732,1777938209.5486171,1353.342899994459,True,,358
knight_instructor_marek,101,Tell me about yourself.,1777938209.5487838,1777938210.5192046,970.4195000231266,True,,212
knight_instructor_marek,102,What was your campaign service?,1777938210.51925,1777938211.3296585,810.407499957364,True,,115
knight_instructor_marek,103,Tell me about the Knight-Commander.,1777938211.3297138,1777938212.2213974,891.6825000196695,True,,118
knight_instructor_marek,104,What was the Conclave of Stormhold?,1777938212.2214382,1777938213.0302517,808.8125000358559,True,,156
knight_instructor_marek,105,How do the orders relate to the Crown?,1777938213.0302918,1777938214.0614886,1031.195799994748,True,,222
knight_instructor_marek,106,What's the curriculum like?,1777938214.0615273,1777938215.1007924,1039.2637000186369,True,,302
knight_instructor_marek,107,Tell me about the caravan attacks.,1777938215.1008399,1777938215.980307,879.4662000145763,True,,186
knight_instructor_marek,108,Who is currently in residence?,1777938215.9803555,1777938216.849309,868.9524999936111,True,,193
knight_instructor_marek,109,Why did you become an instructor?,1777938216.8493447,1777938217.8451457,995.7998999743722,True,,275
knight_instructor_marek,110,What is the relationship between the three orders?,1777938217.8451898,1777938218.948861,1103.6701000411995,True,,273
knight_instructor_marek,111,Tell me about yourself.,1777938218.9489038,1777938219.9307148,981.8100000265986,True,,222
knight_instructor_marek,112,What was your campaign service?,1777938219.9307585,1777938220.6904922,759.7329000127502,True,,138
knight_instructor_marek,113,Tell me about the Knight-Commander.,1777938220.6905532,1777938221.5034485,812.8942000330426,True,,117
knight_instructor_marek,114,What was the Conclave of Stormhold?,1777938221.503492,1777938222.425083,921.5900999843143,True,,209
knight_instructor_marek,115,How do the orders relate to the Crown?,1777938222.4251163,1777938223.6585279,1233.410199987702,True,,350
knight_instructor_marek,116,What's the curriculum like?,1777938223.6585855,1777938224.763587,1105.00060004415,True,,268
knight_instructor_marek,117,Tell me about the caravan attacks.,1777938224.7636228,1777938225.5838666,820.2428999939002,True,,184
knight_instructor_marek,118,Who is currently in residence?,1777938225.5839226,1777938226.5317852,947.8615000261925,True,,188
knight_instructor_marek,119,Why did you become an instructor?,1777938226.5318294,1777938227.4459674,914.1369999852031,True,,234
knight_instructor_marek,120,What is the relationship between the three orders?,1777938227.4460132,1777938228.3597696,913.755499990657,True,,217
knight_instructor_marek,121,Tell me about yourself.,1777938228.3598154,1777938229.2925425,932.7252000221051,True,,168
knight_instructor_marek,122,What was your campaign service?,1777938229.292604,1777938230.1027167,810.1116999750957,True,,150
knight_instructor_marek,123,Tell me about the Knight-Commander.,1777938230.102754,1777938230.8052695,702.5145000079647,True,,118
knight_instructor_marek,124,What was the Conclave of Stormhold?,1777938230.8053255,1777938232.2803638,1475.037300027907,True,,279
knight_instructor_marek,125,How do the orders relate to the Crown?,1777938232.28041,1777938233.453089,1172.6771999965422,True,,304
knight_instructor_marek,126,What's the curriculum like?,1777938233.4531436,1777938235.0156474,1562.5025000190362,True,,290
knight_instructor_marek,127,Tell me about the caravan attacks.,1777938235.0157144,1777938235.97942,963.7043999973685,True,,180
knight_instructor_marek,128,Who is currently in residence?,1777938235.9794624,1777938236.7867913,807.3281000251882,True,,192
knight_instructor_marek,129,Why did you become an instructor?,1777938236.7868342,1777938237.9312885,1144.4533000467345,True,,288
knight_instructor_marek,130,What is the relationship between the three orders?,1777938237.9313385,1777938239.1138608,1182.521299982909,True,,319
knight_instructor_marek,131,Tell me about yourself.,1777938239.1139028,1777938240.209033,1095.1286999625154,True,,254
knight_instructor_marek,132,What was your campaign service?,1777938240.2090847,1777938241.3695343,1160.448600014206,True,,257
knight_instructor_marek,133,Tell me about the Knight-Commander.,1777938241.369575,1777938242.3140411,944.4655999541283,True,,188
knight_instructor_marek,134,What was the Conclave of Stormhold?,1777938242.3140838,1777938243.1852,871.1153999902308,True,,145
knight_instructor_marek,135,How do the orders relate to the Crown?,1777938243.1852357,1777938244.2699122,1084.6754999947734,True,,294
knight_instructor_marek,136,What's the curriculum like?,1777938244.2699566,1777938245.521454,1251.496299984865,True,,354
knight_instructor_marek,137,Tell me about the caravan attacks.,1777938245.521504,1777938246.4458127,924.3079000152647,True,,208
knight_instructor_marek,138,Who is currently in residence?,1777938246.4458506,1777938247.3040266,858.1751000019722,True,,225
knight_instructor_marek,139,Why did you become an instructor?,1777938247.304071,1777938248.317957,1013.8849000213668,True,,225
knight_instructor_marek,140,What is the relationship between the three orders?,1777938248.3179982,1777938249.5585756,1240.57649995666,True,,358
knight_instructor_marek,141,Tell me about yourself.,1777938249.558613,1777938250.4213274,862.7130000386387,True,,187
knight_instructor_marek,142,What was your campaign service?,1777938250.4213886,1777938251.4128814,991.4915000554174,True,,183
knight_instructor_marek,143,Tell me about the Knight-Commander.,1777938251.4129593,1777938252.6242623,1211.302399984561,True,,207
knight_instructor_marek,144,What was the Conclave of Stormhold?,1777938252.6242971,1777938253.552073,927.7748999884352,True,,230
knight_instructor_marek,145,How do the orders relate to the Crown?,1777938253.5521219,1777938254.6421049,1089.9819000042044,True,,251
knight_instructor_marek,146,What's the curriculum like?,1777938254.6421523,1777938255.868304,1226.1506000068039,True,,298
knight_instructor_marek,147,Tell me about the caravan attacks.,1777938255.8683527,1777938256.8939486,1025.5951000144705,True,,244
knight_instructor_marek,148,Who is currently in residence?,1777938256.8939838,1777938257.9406512,1046.6661000391468,True,,264
knight_instructor_marek,149,Why did you become an instructor?,1777938257.940707,1777938259.0054739,1064.765500021167,True,,224
knight_instructor_marek,150,What is the relationship between the three orders?,1777938259.005522,1777938260.1623871,1156.864000018686,True,,262
knight_instructor_marek,151,Tell me about yourself.,1777938260.1625853,1777938261.118083,955.4960000095889,True,,172
knight_instructor_marek,152,What was your campaign service?,1777938261.1181247,1777938262.0166297,898.5040000407025,True,,163
knight_instructor_marek,153,Tell me about the Knight-Commander.,1777938262.0166771,1777938263.1213198,1104.6413999865763,True,,200
knight_instructor_marek,154,What was the Conclave of Stormhold?,1777938263.1213741,1777938264.1609964,1039.6213000058196,True,,202
knight_instructor_marek,155,How do the orders relate to the Crown?,1777938264.161038,1777938265.0675304,906.4913999754936,True,,231
knight_instructor_marek,156,What's the curriculum like?,1777938265.067636,1777938266.4328196,1365.1816999772564,True,,305
knight_instructor_marek,157,Tell me about the caravan attacks.,1777938266.4328952,1777938267.5536404,1120.7442000159062,True,,234
knight_instructor_marek,158,Who is currently in residence?,1777938267.5536795,1777938268.5147483,961.068200005684,True,,224
knight_instructor_marek,159,Why did you become an instructor?,1777938268.5147896,1777938269.3542132,839.4222999922931,True,,164
knight_instructor_marek,160,What is the relationship between the three orders?,1777938269.3542671,1777938270.6718984,1317.6300000050105,True,,249
knight_instructor_marek,161,Tell me about yourself.,1777938270.6719546,1777938271.7848415,1112.885600014124,True,,273
knight_instructor_marek,162,What was your campaign service?,1777938271.7848773,1777938272.5970097,812.1312000439502,True,,164
knight_instructor_marek,163,Tell me about the Knight-Commander.,1777938272.5970592,1777938273.4414582,844.3963999743573,True,,131
knight_instructor_marek,164,What was the Conclave of Stormhold?,1777938273.4415069,1777938274.295847,854.3391999555752,True,,155
knight_instructor_marek,165,How do the orders relate to the Crown?,1777938274.295891,1777938275.4178755,1121.9832999631763,True,,266
knight_instructor_marek,166,What's the curriculum like?,1777938275.4179194,1777938276.6693466,1251.425200025551,True,,358
knight_instructor_marek,167,Tell me about the caravan attacks.,1777938276.6694045,1777938277.952446,1283.0402000108734,True,,296
knight_instructor_marek,168,Who is currently in residence?,1777938277.9524906,1777938279.1308947,1178.4029999980703,True,,309
knight_instructor_marek,169,Why did you become an instructor?,1777938279.1309395,1777938279.9997916,868.8509999774396,True,,159
knight_instructor_marek,170,What is the relationship between the three orders?,1777938279.9998364,1777938281.2048652,1205.0281999981962,True,,318
knight_instructor_marek,171,Tell me about yourself.,1777938281.2049065,1777938282.2945106,1089.6030999720097,True,,308
knight_instructor_marek,172,What was your campaign service?,1777938282.2945492,1777938283.2670574,972.507200029213,True,,249
knight_instructor_marek,173,Tell me about the Knight-Commander.,1777938283.2671158,1777938284.1461942,879.07709996216,True,,143
knight_instructor_marek,174,What was the Conclave of Stormhold?,1777938284.1462457,1777938284.9992104,852.9636999592185,True,,194
knight_instructor_marek,175,How do the orders relate to the Crown?,1777938284.9992409,1777938285.9901636,990.9216000232846,True,,250
knight_instructor_marek,176,What's the curriculum like?,1777938285.9902086,1777938287.0826483,1092.4388999701478,True,,290
knight_instructor_marek,177,Tell me about the caravan attacks.,1777938287.0826821,1777938287.742617,659.9338999949396,True,,125
knight_instructor_marek,178,Who is currently in residence?,1777938287.7426612,1777938288.7301545,987.4922999879345,True,,245
knight_instructor_marek,179,Why did you become an instructor?,1777938288.7302003,1777938289.5159092,785.7079000095837,True,,189
knight_instructor_marek,180,What is the relationship between the three orders?,1777938289.515941,1777938290.4889874,973.0453999945894,True,,276
knight_instructor_marek,181,Tell me about yourself.,1777938290.4890234,1777938291.3256054,836.5806000074372,True,,185
knight_instructor_marek,182,What was your campaign service?,1777938291.3256588,1777938292.2992353,973.5755000147037,True,,192
knight_instructor_marek,183,Tell me about the Knight-Commander.,1777938292.2992773,1777938293.2489152,949.6369999833405,True,,217
knight_instructor_marek,184,What was the Conclave of Stormhold?,1777938293.2489493,1777938294.164952,916.0017000394873,True,,252
knight_instructor_marek,185,How do the orders relate to the Crown?,1777938294.164994,1777938295.4677913,1302.7960999752395,True,,378
knight_instructor_marek,186,What's the curriculum like?,1777938295.467839,1777938296.4087462,940.9060999751091,True,,219
knight_instructor_marek,187,Tell me about the caravan attacks.,1777938296.4087977,1777938297.2767093,867.9108999785967,True,,228
knight_instructor_marek,188,Who is currently in residence?,1777938297.2767513,1777938298.3155184,1038.766100013163,True,,218
knight_instructor_marek,189,Why did you become an instructor?,1777938298.3155684,1777938299.4709575,1155.3880000137724,True,,278
knight_instructor_marek,190,What is the relationship between the three orders?,1777938299.4710126,1777938300.825871,1354.8571999999695,True,,382
knight_instructor_marek,191,Tell me about yourself.,1777938300.8259206,1777938301.9918141,1165.8922000206076,True,,271
knight_instructor_marek,192,What was your campaign service?,1777938301.9918733,1777938302.8349314,843.0569000192918,True,,162
knight_instructor_marek,193,Tell me about the Knight-Commander.,1777938302.8349748,1777938303.6685207,833.5451000020839,True,,212
knight_instructor_marek,194,What was the Conclave of Stormhold?,1777938303.6685557,1777938304.446529,777.9721000115387,True,,167
knight_instructor_marek,195,How do the orders relate to the Crown?,1777938304.4465685,1777938305.6102028,1163.6337999952957,True,,314
knight_instructor_marek,196,What's the curriculum like?,1777938305.6102495,1777938306.6078594,997.6093000150286,True,,288
knight_instructor_marek,197,Tell me about the caravan attacks.,1777938306.6078963,1777938307.734896,1126.997700019274,True,,327
knight_instructor_marek,198,Who is currently in residence?,1777938307.734951,1777938308.9235592,1188.6070999898948,True,,267
knight_instructor_marek,199,Why did you become an instructor?,1777938308.923619,1777938310.1331427,1209.5223999931477,True,,231
knight_instructor_marek,200,What is the relationship between the three orders?,1777938310.1332047,1777938311.4885325,1355.326699966099,True,,301
knight_instructor_marek,201,Tell me about yourself.,1777938311.4887662,1777938312.5361009,1047.3325999919325,True,,294
knight_instructor_marek,202,What was your campaign service?,1777938312.536148,1777938313.5241165,987.9676999989897,True,,209
knight_instructor_marek,203,Tell me about the Knight-Commander.,1777938313.5241606,1777938314.5147047,990.5431999941356,True,,217
knight_instructor_marek,204,What was the Conclave of Stormhold?,1777938314.5147536,1777938315.382547,867.7923000068404,True,,172
knight_instructor_marek,205,How do the orders relate to the Crown?,1777938315.382602,1777938316.6697505,1287.1480000321753,True,,285
knight_instructor_marek,206,What's the curriculum like?,1777938316.6697993,1777938317.7118447,1042.0445000054315,True,,270
knight_instructor_marek,207,Tell me about the caravan attacks.,1777938317.7118862,1777938318.784496,1072.6088999654166,True,,279
knight_instructor_marek,208,Who is currently in residence?,1777938318.784545,1777938319.8750951,1090.549100015778,True,,234
knight_instructor_marek,209,Why did you become an instructor?,1777938319.875133,1777938320.9112532,1036.1191999982111,True,,277
knight_instructor_marek,210,What is the relationship between the three orders?,1777938320.9112904,1777938322.314036,1402.7447000262327,True,,411
knight_instructor_marek,211,Tell me about yourself.,1777938322.3140764,1777938323.1956296,881.5521999495104,True,,223
knight_instructor_marek,212,What was your campaign service?,1777938323.195677,1777938324.0779543,882.2767999954522,True,,186
knight_instructor_marek,213,Tell me about the Knight-Commander.,1777938324.0779898,1777938324.7344556,656.4645999460481,True,,118
knight_instructor_marek,214,What was the Conclave of Stormhold?,1777938324.7344973,1777938325.7618592,1027.3609000141732,True,,266
knight_instructor_marek,215,How do the orders relate to the Crown?,1777938325.7619014,1777938326.9797528,1217.8508000215515,True,,370
knight_instructor_marek,216,What's the curriculum like?,1777938326.9797854,1777938327.9240289,944.2424000008032,True,,274
knight_instructor_marek,217,Tell me about the caravan attacks.,1777938327.9240663,1777938328.7688663,844.7989000123926,True,,208
knight_instructor_marek,218,Who is currently in residence?,1777938328.768903,1777938329.6565878,887.6842000172473,True,,220
knight_instructor_marek,219,Why did you become an instructor?,1777938329.6566267,1777938330.6741397,1017.5116999889724,True,,259
knight_instructor_marek,220,What is the relationship between the three orders?,1777938330.6741884,1777938331.738072,1063.8826999929734,True,,231
knight_instructor_marek,221,Tell me about yourself.,1777938331.7381084,1777938332.6636803,925.5706000258215,True,,179
knight_instructor_marek,222,What was your campaign service?,1777938332.6637337,1777938333.7248032,1061.0683999839239,True,,250
knight_instructor_marek,223,Tell me about the Knight-Commander.,1777938333.7248523,1777938334.6562443,931.3908999902196,True,,210
knight_instructor_marek,224,What was the Conclave of Stormhold?,1777938334.6562853,1777938335.7886202,1132.333900022786,True,,259
knight_instructor_marek,225,How do the orders relate to the Crown?,1777938335.788665,1777938336.7722385,983.5722999996506,True,,238
knight_instructor_marek,226,What's the curriculum like?,1777938336.7722776,1777938337.6636996,891.4210999500938,True,,183
knight_instructor_marek,227,Tell me about the caravan attacks.,1777938337.6637528,1777938338.7431757,1079.4216000358574,True,,177
knight_instructor_marek,228,Who is currently in residence?,1777938338.7432482,1777938340.003627,1260.3773000300862,True,,294
knight_instructor_marek,229,Why did you become an instructor?,1777938340.0036633,1777938340.9280324,924.3682999513112,True,,196
knight_instructor_marek,230,What is the relationship between the three orders?,1777938340.9280753,1777938342.1016603,1173.584199976176,True,,305
knight_instructor_marek,231,Tell me about yourself.,1777938342.101695,1777938342.9272075,825.511499948334,True,,200
knight_instructor_marek,232,What was your campaign service?,1777938342.927242,1777938343.683846,756.6033999901265,True,,156
knight_instructor_marek,233,Tell me about the Knight-Commander.,1777938343.6838877,1777938344.544799,860.9110999968834,True,,221
knight_instructor_marek,234,What was the Conclave of Stormhold?,1777938344.5448334,1777938345.441394,896.5596000198275,True,,212
knight_instructor_marek,235,How do the orders relate to the Crown?,1777938345.4414306,1777938346.6033843,1161.9527000002563,True,,350
knight_instructor_marek,236,What's the curriculum like?,1777938346.603422,1777938347.510199,906.7762999911793,True,,248
knight_instructor_marek,237,Tell me about the caravan attacks.,1777938347.510239,1777938348.2850478,774.8079000157304,True,,180
knight_instructor_marek,238,Who is currently in residence?,1777938348.2850752,1777938348.8709612,585.8852000092156,True,,121
knight_instructor_marek,239,Why did you become an instructor?,1777938348.871001,1777938349.7877614,916.7593999882229,True,,187
knight_instructor_marek,240,What is the relationship between the three orders?,1777938349.7878082,1777938350.6831675,895.3587000141852,True,,190
knight_instructor_marek,241,Tell me about yourself.,1777938350.6832,1777938351.761999,1078.7976999999955,True,,320
knight_instructor_marek,242,What was your campaign service?,1777938351.7620502,1777938352.7249467,962.8956000087783,True,,201
knight_instructor_marek,243,Tell me about the Knight-Commander.,1777938352.7249815,1777938353.4555533,730.5708999629132,True,,156
knight_instructor_marek,244,What was the Conclave of Stormhold?,1777938353.4555893,1777938354.29899,843.3998000109568,True,,174
knight_instructor_marek,245,How do the orders relate to the Crown?,1777938354.2990274,1777938355.3698287,1070.7999999867752,True,,280
knight_instructor_marek,246,What's the curriculum like?,1777938355.3698714,1777938356.2930984,923.226099985186,True,,241
knight_instructor_marek,247,Tell me about the caravan attacks.,1777938356.2931426,1777938357.0949965,801.8530000117607,True,,203
knight_instructor_marek,248,Who is currently in residence?,1777938357.0950327,1777938357.7782536,683.2202000077814,True,,138
knight_instructor_marek,249,Why did you become an instructor?,1777938357.7782888,1777938358.8500671,1071.7771000345238,True,,278
knight_instructor_marek,250,What is the relationship between the three orders?,1777938358.8501103,1777938359.9046042,1054.493299976457,True,,276
knight_instructor_marek,251,Tell me about yourself.,1777938359.904882,1777938361.1270318,1222.147699969355,True,,271
knight_instructor_marek,252,What was your campaign service?,1777938361.1270955,1777938362.015482,888.3851999999024,True,,184
knight_instructor_marek,253,Tell me about the Knight-Commander.,1777938362.0155187,1777938362.667635,652.1153000066988,True,,121
knight_instructor_marek,254,What was the Conclave of Stormhold?,1777938362.6676724,1777938363.536058,868.3848999789916,True,,203
knight_instructor_marek,255,How do the orders relate to the Crown?,1777938363.5360985,1777938364.589772,1053.6722999531776,True,,222
knight_instructor_marek,256,What's the curriculum like?,1777938364.5898159,1777938365.7783136,1188.4969000238925,True,,326
knight_instructor_marek,257,Tell me about the caravan attacks.,1777938365.778346,1777938366.667444,889.0970000065863,True,,260
knight_instructor_marek,258,Who is currently in residence?,1777938366.6674833,1777938367.5995164,932.0323000429198,True,,181
knight_instructor_marek,259,Why did you become an instructor?,1777938367.5995486,1777938368.4018562,802.3070000344887,True,,200
knight_instructor_marek,260,What is the relationship between the three orders?,1777938368.4018862,1777938369.6083863,1206.4993999665603,True,,360
knight_instructor_marek,261,Tell me about yourself.,1777938369.6084251,1777938370.5561285,947.7020000340417,True,,223
knight_instructor_marek,262,What was your campaign service?,1777938370.5561793,1777938371.4021707,845.9905000054277,True,,148
knight_instructor_marek,263,Tell me about the Knight-Commander.,1777938371.402208,1777938372.2274728,825.2636999823153,True,,190
knight_instructor_marek,264,What was the Conclave of Stormhold?,1777938372.227517,1777938373.0815382,854.0204999735579,True,,212
knight_instructor_marek,265,How do the orders relate to the Crown?,1777938373.081571,1777938374.0802243,998.6521999817342,True,,270
knight_instructor_marek,266,What's the curriculum like?,1777938374.080263,1777938374.9735112,893.2474000030197,True,,185
knight_instructor_marek,267,Tell me about the caravan attacks.,1777938374.9735446,1777938375.657741,684.1955999843776,True,,153
knight_instructor_marek,268,Who is currently in residence?,1777938375.6577756,1777938376.9916177,1333.841299987398,True,,338
knight_instructor_marek,269,Why did you become an instructor?,1777938376.9916608,1777938378.051832,1060.1703000138514,True,,298
knight_instructor_marek,270,What is the relationship between the three orders?,1777938378.0518806,1777938379.5354784,1483.5963000077754,True,,410
knight_instructor_marek,271,Tell me about yourself.,1777938379.5355206,1777938380.5661328,1030.6117000291124,True,,253
knight_instructor_marek,272,What was your campaign service?,1777938380.5661676,1777938381.3970509,830.8825999847613,True,,210
knight_instructor_marek,273,Tell me about the Knight-Commander.,1777938381.3970895,1777938382.3343647,937.2744000284001,True,,240
knight_instructor_marek,274,What was the Conclave of Stormhold?,1777938382.3344018,1777938383.1435735,809.1708999709226,True,,195
knight_instructor_marek,275,How do the orders relate to the Crown?,1777938383.1436038,1777938383.9382026,794.5980000076815,True,,206
knight_instructor_marek,276,What's the curriculum like?,1777938383.9382377,1777938384.818168,879.9292000476271,True,,227
knight_instructor_marek,277,Tell me about the caravan attacks.,1777938384.818202,1777938385.6193166,801.1136999703012,True,,203
knight_instructor_marek,278,Who is currently in residence?,1777938385.6193514,1777938386.386797,767.4450000049546,True,,181
knight_instructor_marek,279,Why did you become an instructor?,1777938386.386831,1777938387.4950612,1108.2296000095084,True,,302
knight_instructor_marek,280,What is the relationship between the three orders?,1777938387.4950917,1777938388.8249838,1329.8793999711052,True,,348
knight_instructor_marek,281,Tell me about yourself.,1777938388.8255134,1777938390.9646807,2139.1553000430577,True,,305
knight_instructor_marek,282,What was your campaign service?,1777938390.9656663,1777938392.0608118,1095.1381000340916,True,,199
knight_instructor_marek,283,Tell me about the Knight-Commander.,1777938392.06086,1777938393.2186732,1157.8123000217602,True,,231
knight_instructor_marek,284,What was the Conclave of Stormhold?,1777938393.2187054,1777938394.0973778,878.6714999587275,True,,217
knight_instructor_marek,285,How do the orders relate to the Crown?,1777938394.097417,1777938395.0959716,998.5534999868833,True,,233
knight_instructor_marek,286,What's the curriculum like?,1777938395.0960205,1777938396.0485325,952.5112999835983,True,,193
knight_instructor_marek,287,Tell me about the caravan attacks.,1777938396.0485609,1777938397.0335145,984.9525000317954,True,,291
knight_instructor_marek,288,Who is currently in residence?,1777938397.0335763,1777938398.1318827,1098.305799998343,True,,254
knight_instructor_marek,289,Why did you become an instructor?,1777938398.1319168,1777938399.1121376,980.2195000229403,True,,251
knight_instructor_marek,290,What is the relationship between the three orders?,1777938399.1122706,1777938400.3113298,1199.057999998331,True,,310
knight_instructor_marek,291,Tell me about yourself.,1777938400.3113596,1777938401.2977648,986.4042000262998,True,,280
knight_instructor_marek,292,What was your campaign service?,1777938401.2978024,1777938402.092766,794.9625999899581,True,,184
knight_instructor_marek,293,Tell me about the Knight-Commander.,1777938402.092803,1777938402.9989805,906.1764999642037,True,,187
knight_instructor_marek,294,What was the Conclave of Stormhold?,1777938402.9990265,1777938403.959599,960.5720000108704,True,,239
knight_instructor_marek,295,How do the orders relate to the Crown?,1777938403.9596283,1777938405.114872,1155.242700013332,True,,342
knight_instructor_marek,296,What's the curriculum like?,1777938405.114915,1777938406.0543516,939.4359000143595,True,,251
knight_instructor_marek,297,Tell me about the caravan attacks.,1777938406.0543885,1777938407.0837858,1029.3962999712676,True,,299
knight_instructor_marek,298,Who is currently in residence?,1777938407.0838213,1777938408.1607819,1076.9594999728724,True,,302
knight_instructor_marek,299,Why did you become an instructor?,1777938408.160817,1777938409.0235438,862.725600018166,True,,231
knight_instructor_marek,300,What is the relationship between the three orders?,1777938409.0236063,1777938410.237688,1214.080500009004,True,,229
knight_instructor_marek,301,Tell me about yourself.,1777938410.2378898,1777938411.0516713,813.7801999691874,True,,187
knight_instructor_marek,302,What was your campaign service?,1777938411.0517118,1777938411.9090846,857.3719999985769,True,,172
knight_instructor_marek,303,Tell me about the Knight-Commander.,1777938411.9091222,1777938412.7832325,874.1089000250213,True,,219
knight_instructor_marek,304,What was the Conclave of Stormhold?,1777938412.7832732,1777938413.6962614,912.9872000194155,True,,194
knight_instructor_marek,305,How do the orders relate to the Crown?,1777938413.6962986,1777938414.7246594,1028.3600999973714,True,,293
knight_instructor_marek,306,What's the curriculum like?,1777938414.7246907,1777938415.70136,976.6682999907061,True,,273
knight_instructor_marek,307,Tell me about the caravan attacks.,1777938415.7014115,1777938416.68586,984.4476999714971,True,,215
knight_instructor_marek,308,Who is currently in residence?,1777938416.6858864,1777938417.5611756,875.2883999841288,True,,244
knight_instructor_marek,309,Why did you become an instructor?,1777938417.5612266,1777938418.7010252,1139.7977000451647,True,,308
knight_instructor_marek,310,What is the relationship between the three orders?,1777938418.7010596,1777938419.7301295,1029.0689999819733,True,,289
knight_instructor_marek,311,Tell me about yourself.,1777938419.7301686,1777938420.7268674,996.6981000034139,True,,263
knight_instructor_marek,312,What was your campaign service?,1777938420.7268987,1777938421.7058542,978.9546999963932,True,,267
knight_instructor_marek,313,Tell me about the Knight-Commander.,1777938421.7058897,1777938422.3973472,691.4566000341438,True,,112
knight_instructor_marek,314,What was the Conclave of Stormhold?,1777938422.3973975,1777938423.6332612,1235.8628999791108,True,,322
knight_instructor_marek,315,How do the orders relate to the Crown?,1777938423.6333027,1777938424.6740034,1040.6998000107706,True,,281
knight_instructor_marek,316,What's the curriculum like?,1777938424.6740358,1777938425.6384048,964.3677999847569,True,,241
knight_instructor_marek,317,Tell me about the caravan attacks.,1777938425.6384609,1777938426.7205691,1082.1069999947213,True,,278
knight_instructor_marek,318,Who is currently in residence?,1777938426.7206109,1777938427.6736007,952.9891000129282,True,,239
knight_instructor_marek,319,Why did you become an instructor?,1777938427.6736312,1777938428.6998107,1026.1787000345066,True,,337
knight_instructor_marek,320,What is the relationship between the three orders?,1777938428.6998508,1777938429.647814,947.9625000385568,True,,236
knight_instructor_marek,321,Tell me about yourself.,1777938429.6478562,1777938430.5798678,932.0104999933392,True,,188
knight_instructor_marek,322,What was your campaign service?,1777938430.5799131,1777938431.3379898,758.0755000235513,True,,176
knight_instructor_marek,323,Tell me about the Knight-Commander.,1777938431.3380263,1777938432.0283659,690.3387999627739,True,,137
knight_instructor_marek,324,What was the Conclave of Stormhold?,1777938432.0284038,1777938432.769022,740.6171000329778,True,,149
knight_instructor_marek,325,How do the orders relate to the Crown?,1777938432.7690575,1777938433.912103,1143.0447999737225,True,,309
knight_instructor_marek,326,What's the curriculum like?,1777938433.912134,1777938434.7427502,830.6154999881983,True,,223
knight_instructor_marek,327,Tell me about the caravan attacks.,1777938434.742796,1777938435.7320106,989.2133999965154,True,,236
knight_instructor_marek,328,Who is currently in residence?,1777938435.7320478,1777938436.5604398,828.3910999889486,True,,200
knight_instructor_marek,329,Why did you become an instructor?,1777938436.5604749,1777938437.5077417,947.2658999729902,True,,238
knight_instructor_marek,330,What is the relationship between the three orders?,1777938437.5077777,1777938438.6588466,1151.0680000064895,True,,310
knight_instructor_marek,331,Tell me about yourself.,1777938438.6588964,1777938439.5524805,893.5835000011139,True,,164
knight_instructor_marek,332,What was your campaign service?,1777938439.552515,1777938440.431804,879.2880999972112,True,,182
knight_instructor_marek,333,Tell me about the Knight-Commander.,1777938440.4318454,1777938441.3629014,931.0554999974556,True,,213
knight_instructor_marek,334,What was the Conclave of Stormhold?,1777938441.3629348,1777938442.2364116,873.4760000370443,True,,234
knight_instructor_marek,335,How do the orders relate to the Crown?,1777938442.2364516,1777938443.407268,1170.815900026355,True,,317
knight_instructor_marek,336,What's the curriculum like?,1777938443.407304,1777938444.5455387,1138.2337000104599,True,,281
knight_instructor_marek,337,Tell me about the caravan attacks.,1777938444.5455956,1777938445.4538183,908.2219999982044,True,,165
knight_instructor_marek,338,Who is currently in residence?,1777938445.4538572,1777938446.206594,752.7357999933884,True,,145
knight_instructor_marek,339,Why did you become an instructor?,1777938446.2066307,1777938447.2143133,1007.6816999935545,True,,277
knight_instructor_marek,340,What is the relationship between the three orders?,1777938447.2143514,1777938448.1272345,912.8822000348009,True,,245
knight_instructor_marek,341,Tell me about yourself.,1777938448.1272652,1777938449.0573897,930.1233999431133,True,,230
knight_instructor_marek,342,What was your campaign service?,1777938449.0574367,1777938450.0166218,959.1841000365093,True,,224
knight_instructor_marek,343,Tell me about the Knight-Commander.,1777938450.0166597,1777938450.9889648,972.3041000543162,True,,206
knight_instructor_marek,344,What was the Conclave of Stormhold?,1777938450.9890034,1777938451.9917681,1002.7636000304483,True,,253
knight_instructor_marek,345,How do the orders relate to the Crown?,1777938451.9918082,1777938453.096016,1104.2068000533618,True,,272
knight_instructor_marek,346,What's the curriculum like?,1777938453.0960474,1777938453.9239206,827.8720999951474,True,,208
knight_instructor_marek,347,Tell me about the caravan attacks.,1777938453.9239726,1777938454.9166362,992.6629000110552,True,,227
knight_instructor_marek,348,Who is currently in residence?,1777938454.9166672,1777938455.9087577,992.089900013525,True,,290
knight_instructor_marek,349,Why did you become an instructor?,1777938455.9087985,1777938457.023477,1114.6779000409879,True,,223
knight_instructor_marek,350,What is the relationship between the three orders?,1777938457.023512,1777938458.102888,1079.3756000348367,True,,330
knight_instructor_marek,351,Tell me about yourself.,1777938458.103299,1777938459.4816105,1378.309799998533,True,,266
knight_instructor_marek,352,What was your campaign service?,1777938459.4816618,1777938460.3900266,908.3638999727555,True,,209
knight_instructor_marek,353,Tell me about the Knight-Commander.,1777938460.3900537,1777938461.1757078,785.653300001286,True,,193
knight_instructor_marek,354,What was the Conclave of Stormhold?,1777938461.1757534,1777938462.155584,979.8297000234015,True,,208
knight_instructor_marek,355,How do the orders relate to the Crown?,1777938462.1556153,1777938463.2202687,1064.6528999786824,True,,297
knight_instructor_marek,356,What's the curriculum like?,1777938463.2203085,1777938464.245943,1025.633800018113,True,,282
knight_instructor_marek,357,Tell me about the caravan attacks.,1777938464.2459831,1777938465.3163874,1070.402700046543,True,,288
knight_instructor_marek,358,Who is currently in residence?,1777938465.3164406,1777938466.0444386,727.9970000381581,True,,175
knight_instructor_marek,359,Why did you become an instructor?,1777938466.0444715,1777938466.994427,949.9544000136666,True,,278
knight_instructor_marek,360,What is the relationship between the three orders?,1777938466.9944766,1777938468.3353283,1340.8510000444949,True,,323
knight_instructor_marek,361,Tell me about yourself.,1777938468.3353622,1777938469.1487572,813.3940999978222,True,,200
knight_instructor_marek,362,What was your campaign service?,1777938469.1488013,1777938470.1302888,981.4866000087932,True,,224
knight_instructor_marek,363,Tell me about the Knight-Commander.,1777938470.1303198,1777938471.0285158,898.195100016892,True,,223
knight_instructor_marek,364,What was the Conclave of Stormhold?,1777938471.02857,1777938472.1309798,1102.4086000397801,True,,217
knight_instructor_marek,365,How do the orders relate to the Crown?,1777938472.1310441,1777938473.358045,1227.0001000142656,True,,338
knight_instructor_marek,366,What's the curriculum like?,1777938473.3580859,1777938474.3887591,1030.6721000233665,True,,294
knight_instructor_marek,367,Tell me about the caravan attacks.,1777938474.3887959,1777938475.3542533,965.456300007645,True,,286
knight_instructor_marek,368,Who is currently in residence?,1777938475.3543046,1777938476.415985,1061.6793999797665,True,,211
knight_instructor_marek,369,Why did you become an instructor?,1777938476.4160368,1777938477.346294,930.2563999663107,True,,174
knight_instructor_marek,370,What is the relationship between the three orders?,1777938477.3463268,1777938478.2872872,940.9597999765538,True,,274
knight_instructor_marek,371,Tell me about yourself.,1777938478.2873156,1777938479.3544297,1067.1130000264384,True,,320
knight_instructor_marek,372,What was your campaign service?,1777938479.3544877,1777938480.129098,774.6094000176527,True,,161
knight_instructor_marek,373,Tell me about the Knight-Commander.,1777938480.1291265,1777938480.7489316,619.8040000163019,True,,118
knight_instructor_marek,374,What was the Conclave of Stormhold?,1777938480.7489762,1777938481.8470364,1098.0592999840155,True,,264
knight_instructor_marek,375,How do the orders relate to the Crown?,1777938481.8470798,1777938482.5716887,724.6081000193954,True,,174
knight_instructor_marek,376,What's the curriculum like?,1777938482.5717216,1777938483.3724818,800.7586999447085,True,,245
knight_instructor_marek,377,Tell me about the caravan attacks.,1777938483.372564,1777938484.412143,1039.578000025358,True,,172
knight_instructor_marek,378,Who is currently in residence?,1777938484.4121761,1777938485.2603178,848.140699963551,True,,238
knight_instructor_marek,379,Why did you become an instructor?,1777938485.260362,1777938486.2952976,1034.9346000002697,True,,235
knight_instructor_marek,380,What is the relationship between the three orders?,1777938486.2953346,1777938487.3306162,1035.280900017824,True,,281
knight_instructor_marek,381,Tell me about yourself.,1777938487.3306456,1777938488.1251087,794.4615000160411,True,,182
knight_instructor_marek,382,What was your campaign service?,1777938488.1251757,1777938489.3113577,1186.180999968201,True,,274
knight_instructor_marek,383,Tell me about the Knight-Commander.,1777938489.3113937,1777938490.1084135,797.0187999890186,True,,201
knight_instructor_marek,384,What was the Conclave of Stormhold?,1777938490.1084483,1777938491.0230803,914.6314000245184,True,,210
knight_instructor_marek,385,How do the orders relate to the Crown?,1777938491.0231316,1777938492.1158752,1092.7428000140935,True,,269
knight_instructor_marek,386,What's the curriculum like?,1777938492.115911,1777938493.035233,919.3209999939427,True,,212
knight_instructor_marek,387,Tell me about the caravan attacks.,1777938493.035268,1777938493.9228458,887.5770000158809,True,,230
knight_instructor_marek,388,Who is currently in residence?,1777938493.9228868,1777938494.8914037,968.5157000203617,True,,243
knight_instructor_marek,389,Why did you become an instructor?,1777938494.8914397,1777938495.9651043,1073.662900016643,True,,290
knight_instructor_marek,390,What is the relationship between the three orders?,1777938495.9651499,1777938496.9059622,940.8116000122391,True,,225
knight_instructor_marek,391,Tell me about yourself.,1777938496.9059927,1777938497.8011048,895.1111999922432,True,,231
knight_instructor_marek,392,What was your campaign service?,1777938497.8011456,1777938498.4953694,694.2231000284664,True,,143
knight_instructor_marek,393,Tell me about the Knight-Commander.,1777938498.4954023,1777938499.351832,856.4291000366211,True,,216
knight_instructor_marek,394,What was the Conclave of Stormhold?,1777938499.3518622,1777938500.1734424,821.5793999843299,True,,242
knight_instructor_marek,395,How do the orders relate to the Crown?,1777938500.1734834,1777938501.34291,1169.4259000360034,True,,318
knight_instructor_marek,396,What's the curriculum like?,1777938501.3429477,1777938502.3133085,970.3598999767564,True,,265
knight_instructor_marek,397,Tell me about the caravan attacks.,1777938502.3133407,1777938503.1625035,849.1620999993756,True,,236
knight_instructor_marek,398,Who is currently in residence?,1777938503.1625361,1777938503.9968197,834.2826000298373,True,,214
knight_instructor_marek,399,Why did you become an instructor?,1777938503.996854,1777938504.8812058,884.3511000159197,True,,229
knight_instructor_marek,400,What is the relationship between the three orders?,1777938504.8812418,1777938505.8547158,973.4730999916792,True,,230
knight_instructor_marek,401,Tell me about yourself.,1777938505.8549452,1777938506.6539924,799.0460000000894,True,,152
knight_instructor_marek,402,What was your campaign service?,1777938506.6540356,1777938507.323855,669.8184999986552,True,,102
knight_instructor_marek,403,Tell me about the Knight-Commander.,1777938507.3238986,1777938508.1913252,867.4254000070505,True,,216
knight_instructor_marek,404,What was the Conclave of Stormhold?,1777938508.191363,1777938509.104248,912.8835000446998,True,,180
knight_instructor_marek,405,How do the orders relate to the Crown?,1777938509.1043262,1777938510.4795294,1375.2024000277743,True,,274
knight_instructor_marek,406,What's the curriculum like?,1777938510.4795861,1777938511.7901928,1310.6060000136495,True,,392
knight_instructor_marek,407,Tell me about the caravan attacks.,1777938511.7902293,1777938512.8733208,1083.090300031472,True,,330
knight_instructor_marek,408,Who is currently in residence?,1777938512.873362,1777938513.8458002,972.4370000185445,True,,240
knight_instructor_marek,409,Why did you become an instructor?,1777938513.8458648,1777938515.03845,1192.5843000062741,True,,269
knight_instructor_marek,410,What is the relationship between the three orders?,1777938515.0384781,1777938515.9943614,955.8825000422075,True,,250
knight_instructor_marek,411,Tell me about yourself.,1777938515.994402,1777938517.0699825,1075.579700001981,True,,294
knight_instructor_marek,412,What was your campaign service?,1777938517.0700195,1777938517.9190755,849.0552000002936,True,,190
knight_instructor_marek,413,Tell me about the Knight-Commander.,1777938517.9191115,1777938518.804908,885.7960000168532,True,,220
knight_instructor_marek,414,What was the Conclave of Stormhold?,1777938518.8049428,1777938519.6373222,832.3784000240266,True,,191
knight_instructor_marek,415,How do the orders relate to the Crown?,1777938519.6373541,1777938520.475826,838.4705999633297,True,,220
knight_instructor_marek,416,What's the curriculum like?,1777938520.4758954,1777938521.462397,986.5008000051603,True,,255
knight_instructor_marek,417,Tell me about the caravan attacks.,1777938521.4624476,1777938522.496739,1034.29010004038,True,,254
knight_instructor_marek,418,Who is currently in residence?,1777938522.4967713,1777938523.264342,767.5696000223979,True,,201
knight_instructor_marek,419,Why did you become an instructor?,1777938523.2643752,1777938524.1228342,858.457800000906,True,,239
knight_instructor_marek,420,What is the relationship between the three orders?,1777938524.1228826,1777938525.4011004,1278.2167000113986,True,,368
knight_instructor_marek,421,Tell me about yourself.,1777938525.4011364,1777938526.628536,1227.3988999659196,True,,371
knight_instructor_marek,422,What was your campaign service?,1777938526.6285715,1777938527.4076283,779.055499995593,True,,184
knight_instructor_marek,423,Tell me about the Knight-Commander.,1777938527.4076738,1777938528.043558,635.883399983868,True,,118
knight_instructor_marek,424,What was the Conclave of Stormhold?,1777938528.0436132,1777938528.9244766,880.8624999946915,True,,204
knight_instructor_marek,425,How do the orders relate to the Crown?,1777938528.9245086,1777938530.0007524,1076.2427000445314,True,,309
knight_instructor_marek,426,What's the curriculum like?,1777938530.000805,1777938531.153435,1152.6288999593817,True,,278
knight_instructor_marek,427,Tell me about the caravan attacks.,1777938531.1534688,1777938531.9418218,788.3522000047378,True,,202
knight_instructor_marek,428,Who is currently in residence?,1777938531.9418583,1777938532.8434818,901.6228999826126,True,,238
knight_instructor_marek,429,Why did you become an instructor?,1777938532.8435183,1777938533.8169403,973.4212000039406,True,,245
knight_instructor_marek,430,What is the relationship between the three orders?,1777938533.8169723,1777938534.9701114,1153.138099994976,True,,346
knight_instructor_marek,431,Tell me about yourself.,1777938534.9701433,1777938536.112455,1142.3102999688126,True,,339
knight_instructor_marek,432,What was your campaign service?,1777938536.1125197,1777938537.2222667,1109.7454000264406,True,,167
knight_instructor_marek,433,Tell me about the Knight-Commander.,1777938537.2223117,1777938538.121358,899.0449999691918,True,,226
knight_instructor_marek,434,What was the Conclave of Stormhold?,1777938538.1213925,1777938539.1155198,994.1263999789953,True,,242
knight_instructor_marek,435,How do the orders relate to the Crown?,1777938539.1155612,1777938540.0020733,886.5108999889344,True,,201
knight_instructor_marek,436,What's the curriculum like?,1777938540.0021172,1777938541.1994586,1197.3406000179239,True,,316
knight_instructor_marek,437,Tell me about the caravan attacks.,1777938541.1994932,1777938542.0502393,850.7454000064172,True,,232
knight_instructor_marek,438,Who is currently in residence?,1777938542.0502794,1777938543.145881,1095.600700005889,True,,262
knight_instructor_marek,439,Why did you become an instructor?,1777938543.1459184,1777938544.10424,958.3204000373371,True,,280
knight_instructor_marek,440,What is the relationship between the three orders?,1777938544.1042838,1777938545.0219417,917.6568000111729,True,,203
knight_instructor_marek,441,Tell me about yourself.,1777938545.021995,1777938545.90621,884.2139999615029,True,,194
knight_instructor_marek,442,What was your campaign service?,1777938545.9062493,1777938546.8036618,897.4114999873564,True,,229
knight_instructor_marek,443,Tell me about the Knight-Commander.,1777938546.8036957,1777938547.6648245,861.1282999627292,True,,214
knight_instructor_marek,444,What was the Conclave of Stormhold?,1777938547.6648588,1777938548.5718899,907.0303000044078,True,,218
knight_instructor_marek,445,How do the orders relate to the Crown?,1777938548.5719218,1777938549.5843256,1012.4031000304967,True,,320
knight_instructor_marek,446,What's the curriculum like?,1777938549.5843625,1777938550.3996296,815.2661999920383,True,,230
knight_instructor_marek,447,Tell me about the caravan attacks.,1777938550.399664,1777938551.08672,687.0553000480868,True,,164
knight_instructor_marek,448,Who is currently in residence?,1777938551.086758,1777938551.9200258,833.2669000374153,True,,225
knight_instructor_marek,449,Why did you become an instructor?,1777938551.9200683,1777938552.8983192,978.2502999878488,True,,239
knight_instructor_marek,450,What is the relationship between the three orders?,1777938552.8983517,1777938553.8277373,929.3850000249222,True,,261
knight_instructor_marek,451,Tell me about yourself.,1777938553.8281996,1777938554.783071,954.8700000159442,True,,271
knight_instructor_marek,452,What was your campaign service?,1777938554.7831073,1777938555.4414797,658.3715999731794,True,,143
knight_instructor_marek,453,Tell me about the Knight-Commander.,1777938555.4415185,1777938556.3493636,907.8444000333548,True,,223
knight_instructor_marek,454,What was the Conclave of Stormhold?,1777938556.3493943,1777938557.214972,865.5769000179134,True,,235
knight_instructor_marek,455,How do the orders relate to the Crown?,1777938557.2150075,1777938558.3638592,1148.8510000053793,True,,302
knight_instructor_marek,456,What's the curriculum like?,1777938558.3638933,1777938559.384571,1020.6768999923952,True,,288
knight_instructor_marek,457,Tell me about the caravan attacks.,1777938559.3846097,1777938560.140962,756.351399992127,True,,189
knight_instructor_marek,458,Who is currently in residence?,1777938560.141018,1777938561.0076873,866.6684000054374,True,,222
knight_instructor_marek,459,Why did you become an instructor?,1777938561.007751,1777938562.3504252,1342.673500010278,True,,307
knight_instructor_marek,460,What is the relationship between the three orders?,1777938562.3504586,1777938563.4069505,1056.4903999911621,True,,262
knight_instructor_marek,461,Tell me about yourself.,1777938563.4070072,1777938564.3580835,951.0755999945104,True,,199
knight_instructor_marek,462,What was your campaign service?,1777938564.3581178,1777938565.1923761,834.2569000087678,True,,193
knight_instructor_marek,463,Tell me about the Knight-Commander.,1777938565.1924238,1777938566.069169,876.7443000106141,True,,214
knight_instructor_marek,464,What was the Conclave of Stormhold?,1777938566.0692022,1777938566.7774794,708.2760999910533,True,,155
knight_instructor_marek,465,How do the orders relate to the Crown?,1777938566.77752,1777938567.6519396,874.4188999990001,True,,213
knight_instructor_marek,466,What's the curriculum like?,1777938567.6519737,1777938568.6023276,950.3528000204824,True,,282
knight_instructor_marek,467,Tell me about the caravan attacks.,1777938568.6023674,1777938569.351612,749.2440999485552,True,,191
knight_instructor_marek,468,Who is currently in residence?,1777938569.3516514,1777938570.200289,848.6368000158109,True,,216
knight_instructor_marek,469,Why did you become an instructor?,1777938570.2003205,1777938571.2223716,1022.0506999758072,True,,299
knight_instructor_marek,470,What is the relationship between the three orders?,1777938571.2224102,1777938572.2580495,1035.6385000050068,True,,303
knight_instructor_marek,471,Tell me about yourself.,1777938572.2580812,1777938573.4568841,1198.801199963782,True,,142
knight_instructor_marek,472,What was your campaign service?,1777938573.457008,1777938574.4369984,979.9883000086993,True,,129
knight_instructor_marek,473,Tell me about the Knight-Commander.,1777938574.4370897,1777938575.6333342,1196.243400045205,True,,215
knight_instructor_marek,474,What was the Conclave of Stormhold?,1777938575.6333644,1777938576.53406,900.6939999526367,True,,203
knight_instructor_marek,475,How do the orders relate to the Crown?,1777938576.5341358,1777938577.6868649,1152.728000015486,True,,245
knight_instructor_marek,476,What's the curriculum like?,1777938577.6869023,1777938579.247875,1560.9722000081092,True,,243
knight_instructor_marek,477,Tell me about the caravan attacks.,1777938579.247904,1777938580.2881706,1040.2655000216328,True,,309
knight_instructor_marek,478,Who is currently in residence?,1777938580.2882206,1777938581.17436,886.1387000069954,True,,213
knight_instructor_marek,479,Why did you become an instructor?,1777938581.1743925,1777938581.8331895,658.7960999459028,True,,163
knight_instructor_marek,480,What is the relationship between the three orders?,1777938581.8332267,1777938582.934321,1101.0926000308245,True,,341
knight_instructor_marek,481,Tell me about yourself.,1777938582.93437,1777938584.2512584,1316.886999993585,True,,342
knight_instructor_marek,482,What was your campaign service?,1777938584.2513127,1777938585.2834847,1032.1711000287905,True,,182
knight_instructor_marek,483,Tell me about the Knight-Commander.,1777938585.2835262,1777938586.046539,763.0122000118718,True,,180
knight_instructor_marek,484,What was the Conclave of Stormhold?,1777938586.0465772,1777938587.4703348,1423.7569000106305,True,,203
knight_instructor_marek,485,How do the orders relate to the Crown?,1777938587.4703648,1777938588.5052285,1034.8628999781795,True,,320
knight_instructor_marek,486,What's the curriculum like?,1777938588.5052671,1777938589.4577582,952.490099996794,True,,274
knight_instructor_marek,487,Tell me about the caravan attacks.,1777938589.4577968,1777938590.317021,859.2231000075117,True,,242
knight_instructor_marek,488,Who is currently in residence?,1777938590.3170528,1777938591.1371973,820.1431999914348,True,,174
knight_instructor_marek,489,Why did you become an instructor?,1777938591.137244,1777938591.8548374,717.5928000360727,True,,160
knight_instructor_marek,490,What is the relationship between the three orders?,1777938591.854865,1777938592.921192,1066.3257999694906,True,,314
knight_instructor_marek,491,Tell me about yourself.,1777938592.9212272,1777938593.878141,956.9127999711782,True,,244
knight_instructor_marek,492,What was your campaign service?,1777938593.8781753,1777938594.5453625,667.1861000359058,True,,140
knight_instructor_marek,493,Tell me about the Knight-Commander.,1777938594.5454032,1777938595.1839614,638.5572000290267,True,,127
knight_instructor_marek,494,What was the Conclave of Stormhold?,1777938595.1839948,1777938596.1249375,940.9420000156388,True,,250
knight_instructor_marek,495,How do the orders relate to the Crown?,1777938596.1249692,1777938596.87345,748.4802000108175,True,,181
knight_instructor_marek,496,What's the curriculum like?,1777938596.8734837,1777938597.7613196,887.8354000044055,True,,241
knight_instructor_marek,497,Tell me about the caravan attacks.,1777938597.761345,1777938598.536031,774.6848000097089,True,,238
knight_instructor_marek,498,Who is currently in residence?,1777938598.5360725,1777938599.4689324,932.8587999916635,True,,215
knight_instructor_marek,499,Why did you become an instructor?,1777938599.4689689,1777938600.5305624,1061.5924000157975,True,,307
knight_instructor_marek,500,What is the relationship between the three orders?,1777938600.530596,1777938601.427753,897.1561000216752,True,,269
